LogDebuggerCommands: Repeating last play command: 选中的视口
LogContentBundle: [Untitled(编辑器)] Generating Streaming for 0 Content Bundles.
LogWorldPartition: Display: GenerateStreaming for 'Untitled' started...
LogWorldPartition: Display: GenerateStreaming for 'Untitled' took 2.439 ms (total: 29.864 ms)
LogCameraSystemEditor: No camera objects needed building (inspected 0 objects)
LogPlayLevel: PlayLevel: No blueprints needed recompiling
LogPlayLevel: Creating play world package: /Game/Map/UEDPIE_0_Untitled
LogWorldPartition: Display: UWorldPartition::PostDuplicatePIE started...
LogWorldPartition: Display: UWorldPartition::PostDuplicatePIE took 314 us (total: 2.100 ms)
LogPlayLevel: PIE: StaticDuplicateObject took: (0.006417s)
LogPlayLevel: PIE: Created PIE world by copying editor world from /Game/Map/Untitled.Untitled to /Game/Map/UEDPIE_0_Untitled.Untitled (0.006459s)
LogUObjectHash: Compacting FUObjectHashTables data took   3.04ms
LogChaosDD: Creating Chaos Debug Draw Scene for world Untitled
LogWorldPartition: ULevel::OnLevelLoaded(Untitled)(bIsOwningWorldGameWorld=1, bIsOwningWorldPartitioned=1, InitializeForMainWorld=1, InitializeForEditor=0, InitializeForGame=1)
LogWorldPartition: Display: WorldPartition initialize started...
LogWorldPartition: UWorldPartition::Initialize : World = /Game/Map/UEDPIE_0_Untitled.Untitled, World Type = PIE, IsMainWorldPartition = 1, Location = V(0), Rotation = R(0), IsEditor = 0, IsGame = 0, IsPIEWorldTravel = 0, IsCooking = 0
LogWorldPartition: UWorldPartition::Initialize Context : World NetMode = Standalone, IsServer = 0, IsDedicatedServer = 0, IsServerStreamingEnabled = 0, IsServerStreamingOutEnabled = 0, IsUsingMakingVisibleTransaction = 0, IsUsingMakingInvisibleTransaction = 0
LogWorldPartition: Display: WorldPartition initialize took 2.306 ms (total: 725.045 ms)
LogPlayLevel: PIE: World Init took: (0.007420s)
LogAudio: Display: Creating Audio Device:                 Id: 10, Scope: Unique, Realtime: True
LogAudioMixer: Display: bUseRenderScheduler set to true.
LogAudioMixer: Display: Audio Mixer Platform Settings:
LogAudioMixer: Display:     Sample Rate:                          48000
LogAudioMixer: Display:     Callback Buffer Frame Size Requested: 1024
LogAudioMixer: Display:     Callback Buffer Frame Size To Use:    1024
LogAudioMixer: Display:     Number of buffers to queue:           1
LogAudioMixer: Display:     Max Channels (voices):                32
LogAudioMixer: Display:     Number of Async Source Workers:       4
LogAudio: Display: AudioDevice MaxSources: 32
LogAudio: Display: Audio Spatialization Plugin: None (built-in).
LogAudio: Display: Audio Reverb Plugin: None (built-in).
LogAudio: Display: Audio Occlusion Plugin: None (built-in).
LogAudioEnumeration: Display: Refreshing FWindowsMMDeviceCache
LogAudioEnumeration: Display: FWindowsMMDeviceCache: Default Render Role='Console', Device='扬声器 (2- EDIFIER M30 Plus)'
LogAudioEnumeration: Display: FWindowsMMDeviceCache: Default Capture Role='Console', Device='耳机式麦克风 (2- EDIFIER M30 Plus)'
LogAudioEnumeration: Display: FWindowsMMDeviceCache: Default Render Role='Multimedia', Device='扬声器 (2- EDIFIER M30 Plus)'
LogAudioEnumeration: Display: FWindowsMMDeviceCache: Default Capture Role='Multimedia', Device='耳机式麦克风 (2- EDIFIER M30 Plus)'
LogAudioEnumeration: Display: FWindowsMMDeviceCache: Default Render Role='Communications', Device='Realtek HD Audio 2nd output (2- Realtek(R) Audio)'
LogAudioEnumeration: Display: FWindowsMMDeviceCache: Default Capture Role='Communications', Device='耳机式麦克风 (2- EDIFIER M30 Plus)'
LogAudioMixerWasapi: Display: FWasapiServiceWatcher started.
LogAudioMixer: Display: Initializing audio mixer using platform API: 'WASAPIMixer'
LogAudioMixerWasapi: Display: FWasapiServiceWatcher initial state: Audiosrv=RUNNING, AudioEndpointBuilder=RUNNING
LogAudioMixerWasapi: FAudioMixerWasapiRenderStream::InitializeHardware DefaultDevicePeriod: 480 requesting buffer size: 1920
LogAudioMixerWasapi: Warning: Sample rate mismatch. Engine sample rate: 48000 Device sample rate: 44100
LogAudioMixerWasapi: Warning: Device level sample rate conversion will be used.
LogAudioMixerWasapi: Display: FAudioMixerWasapiRenderStream::InitializeHardware audio mixer requested num channels: 2, Wasapi render stream hardware supports num channels: 2
LogAudioMixerWasapi: Display: FAudioMixerWasapiRenderStream::InitializeHardware succeeded with sample rate: 48000, buffer period: 1024
LogAudioMixer: Display: FAudioMixerWasapi initialized: SampleRate=48000 NumChannels=2 NumDirectOutChannels=0 bIsAggregateDevice=0 StreamParams.Num()=1
LogAudioMixer: Display: Using Audio Hardware Device 扬声器 (2- EDIFIER M30 Plus)
LogAudioMixer: Display: Initializing Sound Submixes...
LogAudioMixer: Display: Creating Master Submix 'MasterSubmixDefault'
LogAudioMixer: Display: Creating Master Submix 'MasterReverbSubmixDefault'
LogAudioMixer: Display: Output buffers initialized: Frames=1024, Channels=2, Samples=2048, InstanceID=10
LogAudioMixer: Display: Starting AudioMixerPlatformInterface::RunInternal(), InstanceID=10
LogInit: FAudioDevice initialized with ID 10.
LogAudio: Display: Audio Device (ID: 10) registered with world 'Untitled'.
LogAudioMixer: Initializing Audio Bus Subsystem for audio device with ID 10
LogSlate: Updating window title bar state: overlay mode, drag disabled, window buttons hidden, title bar hidden
LogLoad: Game class is 'BP_GameMode_C'
LogWorld: Bringing World /Game/Map/UEDPIE_0_Untitled.Untitled up for play (max tick rate 0) at 2026.08.26-20.25.08
LogWorld: Bringing up level for play took: 0.000721
LogOnline: OSS: Created online subsystem instance for: :Context_20
LogEnhancedInput: Enhanced Input local player subsystem has initialized the user settings!
LogStreaming: Display: FlushAsyncLoading(1163,1162,1161,1160,1159,1158,1157,1156,1155,1154,1153,1152,1151,1150,1149,1148,1147,1146,1145,1144,1143,1142,1141,1140,1139,1138,1137,1136,1135,1134,1133,1132,1131,1130,1129,1122,1123,1124,1125,1126,1127,1128,1118,1119,1120,1121,1117,1116,1115,1113,1114,1112,1111): 53 QueuedPackages, 0 AsyncPackages
PIE: 登陆的服务器
PIE: PIE总开始时间：0.386秒。
LogRenderer: Recreating Persistent SBTs due to initializer changes: 
        NumShaderSlotsPerGeometrySegment changed: current: 1 - new: 2
        NumGeometrySegments changed: current: 0 - new: 512
LogGait: Warning: Gait authority has no CharacterConfig; using default Walk-to-Run threshold 5.0 seconds.
LogTemp: [SM] Moving ACTIVATED (Active=1)
LogZZZAnim: [TurnBack][Phase] None->Frozen ForwardDot=-1.000 EntryYaw=93.32 InputYaw=-86.68 Release=0.170 Duration=2.400
LogZZZAnim: [TurnBack][RotationDiag] Frame=47927 Phase=1 D1=0 Actor=(P0.00 Y93.32 R-0.00) Control=(P358.08 Y183.33 R0.00) VelocityYaw=93.32 AccelYaw=0.00 Desired=(0.06,-1.00,0.00) CurveDir=(0.00,1.00,0.00) Requested=(0.00,1050.00,0.00) Flags[Orient=1 ControllerDesired=0 PawnYaw=0] MeshRel=(P-0.00 Y-90.00 R0.00) MeshComp=(P0.00 Y3.32 R-0.00) BoneIndex[Root=176 Bone_Root=1 Bip001=2] BoneCSYaw[Root=0.00 Bone_Root=0.00 Bip001=75.74]
LogZZZAnim: [MoveDiag][RequestDirectMove] Frame=47927 Path=RootMotion TurnBackPhase=1 SecondSegment=0 CurveDirectionSource=RM_VelocityDir CurveDirectionLocal=(0.000,1.000) DesiredWorldMoveDir=(0.058,-0.998,0.000) RootMotionDelta=(0.000,36.367,0.000) RequestDirectMoveDir=(-0.058,0.998,0.000) Speed=1050.000
LogZZZAnim: [TurnBack][Snapshot] Phase=1 SecondSegment=0 SubState=2 State=2 Gait=2 ShouldMove=1 InputForwardDot=-1.000 ActorDesiredDot=-1.000 Velocity=1050.00
LogZZZAnim: [MoveDiag][Intent] Frame=47928 MoveInput=(1.000,0.000) ControlRotationYaw=183.33 Forward=(-0.998,-0.058,0.000) Right=(0.058,-0.998,-0.000) DesiredWorldMoveDir=(0.058,-0.998,0.000)
LogZZZAnim: [TurnBack][RotationDiag] Frame=47928 Phase=1 D1=0 Actor=(P0.00 Y93.32 R-0.00) Control=(P358.08 Y183.33 R0.00) VelocityYaw=93.32 AccelYaw=0.00 Desired=(0.06,-1.00,0.00) CurveDir=(0.00,1.00,0.00) Requested=(0.00,1100.76,0.00) Flags[Orient=1 ControllerDesired=0 PawnYaw=0] MeshRel=(P-0.00 Y-90.00 R0.00) MeshComp=(P0.00 Y3.32 R-0.00) BoneIndex[Root=176 Bone_Root=1 Bip001=2] BoneCSYaw[Root=0.22 Bone_Root=0.00 Bip001=67.48]
LogZZZAnim: [MoveDiag][RequestDirectMove] Frame=47928 Path=RootMotion TurnBackPhase=1 SecondSegment=0 CurveDirectionSource=RM_VelocityDir CurveDirectionLocal=(0.000,1.000) DesiredWorldMoveDir=(0.058,-0.998,0.000) RootMotionDelta=(0.000,24.727,0.000) RequestDirectMoveDir=(-0.058,0.998,0.000) Speed=1100.761
LogZZZAnim: [TurnBack][Snapshot] Phase=1 SecondSegment=0 SubState=2 State=2 Gait=2 ShouldMove=1 InputForwardDot=-1.000 ActorDesiredDot=-1.000 Velocity=1050.00
LogZZZAnim: [MoveDiag][Intent] Frame=47929 MoveInput=(1.000,0.000) ControlRotationYaw=183.33 Forward=(-0.998,-0.058,0.000) Right=(0.058,-0.998,-0.000) DesiredWorldMoveDir=(0.058,-0.998,0.000)
LogZZZAnim: [TurnBack][RotationDiag] Frame=47929 Phase=1 D1=0 Actor=(P0.00 Y93.32 R-0.00) Control=(P358.08 Y183.33 R0.00) VelocityYaw=93.32 AccelYaw=0.00 Desired=(0.06,-1.00,0.00) CurveDir=(0.00,1.00,0.00) Requested=(0.00,1108.99,0.00) Flags[Orient=1 ControllerDesired=0 PawnYaw=0] MeshRel=(P-0.00 Y-90.00 R0.00) MeshComp=(P0.00 Y3.32 R-0.00) BoneIndex[Root=176 Bone_Root=1 Bip001=2] BoneCSYaw[Root=4.08 Bone_Root=0.00 Bip001=66.27]
LogZZZAnim: [MoveDiag][RequestDirectMove] Frame=47929 Path=RootMotion TurnBackPhase=1 SecondSegment=0 CurveDirectionSource=RM_VelocityDir CurveDirectionLocal=(0.000,1.000) DesiredWorldMoveDir=(0.058,-0.998,0.000) RootMotionDelta=(0.000,25.600,0.000) RequestDirectMoveDir=(-0.058,0.998,0.000) Speed=1108.989
LogZZZAnim: [TurnBack][Snapshot] Phase=1 SecondSegment=0 SubState=2 State=2 Gait=2 ShouldMove=1 InputForwardDot=-1.000 ActorDesiredDot=-1.000 Velocity=1100.76
LogZZZAnim: [MoveDiag][Intent] Frame=47930 MoveInput=(1.000,0.000) ControlRotationYaw=183.33 Forward=(-0.998,-0.058,0.000) Right=(0.058,-0.998,-0.000) DesiredWorldMoveDir=(0.058,-0.998,0.000)
LogZZZAnim: [TurnBack][RotationDiag] Frame=47930 Phase=1 D1=0 Actor=(P0.00 Y93.32 R-0.00) Control=(P358.08 Y183.33 R0.00) VelocityYaw=93.32 AccelYaw=0.00 Desired=(0.06,-1.00,0.00) CurveDir=(0.00,1.00,0.00) Requested=(0.00,965.77,0.00) Flags[Orient=1 ControllerDesired=0 PawnYaw=0] MeshRel=(P-0.00 Y-90.00 R0.00) MeshComp=(P0.00 Y3.32 R-0.00) BoneIndex[Root=176 Bone_Root=1 Bip001=2] BoneCSYaw[Root=15.00 Bone_Root=0.00 Bip001=84.27]
LogZZZAnim: [MoveDiag][RequestDirectMove] Frame=47930 Path=RootMotion TurnBackPhase=1 SecondSegment=0 CurveDirectionSource=RM_VelocityDir CurveDirectionLocal=(0.000,1.000) DesiredWorldMoveDir=(0.058,-0.998,0.000) RootMotionDelta=(0.000,15.108,0.000) RequestDirectMoveDir=(-0.058,0.998,0.000) Speed=965.766
LogZZZAnim: [TurnBack][Snapshot] Phase=1 SecondSegment=0 SubState=2 State=2 Gait=2 ShouldMove=1 InputForwardDot=-1.000 ActorDesiredDot=-1.000 Velocity=1108.99
LogZZZAnim: [MoveDiag][Intent] Frame=47931 MoveInput=(1.000,0.000) ControlRotationYaw=183.33 Forward=(-0.998,-0.058,0.000) Right=(0.058,-0.998,-0.000) DesiredWorldMoveDir=(0.058,-0.998,0.000)
LogZZZAnim: [TurnBack][RotationDiag] Frame=47931 Phase=1 D1=0 Actor=(P0.00 Y93.32 R-0.00) Control=(P358.08 Y183.33 R0.00) VelocityYaw=93.32 AccelYaw=0.00 Desired=(0.06,-1.00,0.00) CurveDir=(0.00,1.00,0.00) Requested=(0.00,860.53,0.00) Flags[Orient=1 ControllerDesired=0 PawnYaw=0] MeshRel=(P-0.00 Y-90.00 R0.00) MeshComp=(P0.00 Y3.32 R-0.00) BoneIndex[Root=176 Bone_Root=1 Bip001=2] BoneCSYaw[Root=33.89 Bone_Root=0.00 Bip001=114.14]
LogZZZAnim: [MoveDiag][RequestDirectMove] Frame=47931 Path=RootMotion TurnBackPhase=1 SecondSegment=0 CurveDirectionSource=RM_VelocityDir CurveDirectionLocal=(0.000,1.000) DesiredWorldMoveDir=(0.058,-0.998,0.000) RootMotionDelta=(0.000,9.439,0.000) RequestDirectMoveDir=(-0.058,0.998,0.000) Speed=860.531
LogZZZAnim: [TurnBack][Snapshot] Phase=1 SecondSegment=0 SubState=2 State=2 Gait=2 ShouldMove=1 InputForwardDot=-1.000 ActorDesiredDot=-1.000 Velocity=965.77
LogZZZAnim: [MoveDiag][Intent] Frame=47932 MoveInput=(1.000,0.000) ControlRotationYaw=183.33 Forward=(-0.998,-0.058,0.000) Right=(0.058,-0.998,-0.000) DesiredWorldMoveDir=(0.058,-0.998,0.000)
LogZZZAnim: [TurnBack][RotationDiag] Frame=47932 Phase=1 D1=0 Actor=(P0.00 Y93.32 R-0.00) Control=(P358.08 Y183.33 R0.00) VelocityYaw=93.32 AccelYaw=0.00 Desired=(0.06,-1.00,0.00) CurveDir=(0.00,1.00,0.00) Requested=(0.00,826.82,0.00) Flags[Orient=1 ControllerDesired=0 PawnYaw=0] MeshRel=(P-0.00 Y-90.00 R0.00) MeshComp=(P0.00 Y3.32 R-0.00) BoneIndex[Root=176 Bone_Root=1 Bip001=2] BoneCSYaw[Root=58.94 Bone_Root=0.00 Bip001=136.56]
LogZZZAnim: [MoveDiag][RequestDirectMove] Frame=47932 Path=RootMotion TurnBackPhase=1 SecondSegment=0 CurveDirectionSource=RM_VelocityDir CurveDirectionLocal=(0.000,1.000) DesiredWorldMoveDir=(0.058,-0.998,0.000) RootMotionDelta=(0.000,7.274,0.000) RequestDirectMoveDir=(-0.058,0.998,0.000) Speed=826.817
LogZZZAnim: [TurnBack][Snapshot] Phase=1 SecondSegment=0 SubState=2 State=2 Gait=2 ShouldMove=1 InputForwardDot=-1.000 ActorDesiredDot=-1.000 Velocity=860.53
LogZZZAnim: [MoveDiag][Intent] Frame=47933 MoveInput=(1.000,0.000) ControlRotationYaw=183.33 Forward=(-0.998,-0.058,0.000) Right=(0.058,-0.998,-0.000) DesiredWorldMoveDir=(0.058,-0.998,0.000)
LogZZZAnim: [TurnBack][Phase] Frozen->Released Elapsed=0.172 ReleaseTime=0.170
LogZZZAnim: [TurnBack][ActorYaw] Phase=2 D1=0 RMYawDelta=170.657 ActorYaw=-96.018
LogZZZAnim: [TurnBack][RotationDiag] Frame=47933 Phase=2 D1=0 Actor=(P0.00 Y-96.02 R0.00) Control=(P358.08 Y183.33 R0.00) VelocityYaw=93.32 AccelYaw=0.00 Desired=(0.06,-1.00,0.00) CurveDir=(0.00,1.00,0.00) Requested=(0.00,962.25,0.00) Flags[Orient=1 ControllerDesired=0 PawnYaw=0] MeshRel=(P-0.00 Y-90.00 R0.00) MeshComp=(P0.00 Y173.98 R0.00) BoneIndex[Root=176 Bone_Root=1 Bip001=2] BoneCSYaw[Root=97.21 Bone_Root=0.00 Bip001=-11.43]
LogZZZAnim: [MoveDiag][RequestDirectMove] Frame=47933 Path=RootMotion TurnBackPhase=2 SecondSegment=0 CurveDirectionSource=RM_VelocityDir CurveDirectionLocal=(0.000,1.000) DesiredWorldMoveDir=(0.058,-0.998,0.000) RootMotionDelta=(0.000,15.778,0.000) RequestDirectMoveDir=(-0.058,0.998,0.000) Speed=962.250
LogZZZAnim: [TurnBack][Snapshot] Phase=2 SecondSegment=0 SubState=2 State=2 Gait=2 ShouldMove=1 InputForwardDot=0.987 ActorDesiredDot=0.987 Velocity=826.82
LogZZZAnim: [MoveDiag][Intent] Frame=47934 MoveInput=(1.000,0.000) ControlRotationYaw=183.33 Forward=(-0.998,-0.058,0.000) Right=(0.058,-0.998,-0.000) DesiredWorldMoveDir=(0.058,-0.998,0.000)
LogZZZAnim: [TurnBack][ActorYaw] Phase=2 D1=0 RMYawDelta=9.343 ActorYaw=-99.871
LogZZZAnim: [TurnBack][RotationDiag] Frame=47934 Phase=2 D1=0 Actor=(P0.00 Y-99.87 R0.00) Control=(P358.08 Y183.33 R0.00) VelocityYaw=93.32 AccelYaw=0.00 Desired=(0.06,-1.00,0.00) CurveDir=(0.00,1.00,0.00) Requested=(0.00,1276.60,0.00) Flags[Orient=1 ControllerDesired=0 PawnYaw=0] MeshRel=(P-0.00 Y-90.00 R0.00) MeshComp=(P0.00 Y170.13 R0.00) BoneIndex[Root=176 Bone_Root=1 Bip001=2] BoneCSYaw[Root=128.83 Bone_Root=0.00 Bip001=13.74]
LogZZZAnim: [MoveDiag][RequestDirectMove] Frame=47934 Path=RootMotion TurnBackPhase=2 SecondSegment=0 CurveDirectionSource=RM_VelocityDir CurveDirectionLocal=(0.000,1.000) DesiredWorldMoveDir=(0.058,-0.998,0.000) RootMotionDelta=(0.000,34.980,0.000) RequestDirectMoveDir=(-0.058,0.998,0.000) Speed=1276.603
LogZZZAnim: [TurnBack][Snapshot] Phase=2 SecondSegment=0 SubState=2 State=2 Gait=2 ShouldMove=1 InputForwardDot=0.974 ActorDesiredDot=0.974 Velocity=894.38
LogZZZAnim: [MoveDiag][Intent] Frame=47935 MoveInput=(1.000,0.000) ControlRotationYaw=183.33 Forward=(-0.998,-0.058,0.000) Right=(0.058,-0.998,-0.000) DesiredWorldMoveDir=(0.058,-0.998,0.000)
LogZZZAnim: [TurnBack][RotationDiag] Frame=47935 Phase=2 D1=0 Actor=(P0.00 Y-115.80 R0.00) Control=(P358.08 Y183.33 R0.00) VelocityYaw=93.32 AccelYaw=0.00 Desired=(0.06,-1.00,0.00) CurveDir=(0.00,1.00,0.00) Requested=(0.00,1503.25,0.00) Flags[Orient=1 ControllerDesired=0 PawnYaw=0] MeshRel=(P-0.00 Y-90.00 R0.00) MeshComp=(P0.00 Y154.20 R0.00) BoneIndex[Root=176 Bone_Root=1 Bip001=2] BoneCSYaw[Root=156.47 Bone_Root=0.00 Bip001=59.41]
LogZZZAnim: [MoveDiag][RequestDirectMove] Frame=47935 Path=RootMotion TurnBackPhase=2 SecondSegment=0 CurveDirectionSource=RM_VelocityDir CurveDirectionLocal=(0.000,1.000) DesiredWorldMoveDir=(0.058,-0.998,0.000) RootMotionDelta=(0.000,57.782,0.000) RequestDirectMoveDir=(-0.058,0.998,0.000) Speed=1503.252
LogZZZAnim: [TurnBack][Snapshot] Phase=2 SecondSegment=0 SubState=2 State=2 Gait=2 ShouldMove=1 InputForwardDot=0.874 ActorDesiredDot=0.874 Velocity=975.91
LogZZZAnim: [MoveDiag][Intent] Frame=47936 MoveInput=(1.000,0.000) ControlRotationYaw=183.33 Forward=(-0.998,-0.058,0.000) Right=(0.058,-0.998,-0.000) DesiredWorldMoveDir=(0.058,-0.998,0.000)
LogZZZAnim: [TurnBack][RotationDiag] Frame=47936 Phase=2 D1=0 Actor=(P0.00 Y-127.67 R0.00) Control=(P358.08 Y183.33 R0.00) VelocityYaw=93.32 AccelYaw=0.00 Desired=(0.06,-1.00,0.00) CurveDir=(0.00,1.00,0.00) Requested=(0.00,1537.55,0.00) Flags[Orient=1 ControllerDesired=0 PawnYaw=0] MeshRel=(P-0.00 Y-90.00 R0.00) MeshComp=(P0.00 Y142.33 R0.00) BoneIndex[Root=176 Bone_Root=1 Bip001=2] BoneCSYaw[Root=171.14 Bone_Root=0.00 Bip001=93.79]
LogZZZAnim: [MoveDiag][RequestDirectMove] Frame=47936 Path=RootMotion TurnBackPhase=2 SecondSegment=0 CurveDirectionSource=RM_VelocityDir CurveDirectionLocal=(0.000,1.000) DesiredWorldMoveDir=(0.058,-0.998,0.000) RootMotionDelta=(0.000,45.598,0.000) RequestDirectMoveDir=(-0.058,0.998,0.000) Speed=1537.549
LogZZZAnim: [TurnBack][Snapshot] Phase=2 SecondSegment=0 SubState=2 State=2 Gait=2 ShouldMove=1 InputForwardDot=0.755 ActorDesiredDot=0.755 Velocity=1036.69
LogZZZAnim: [MoveDiag][Intent] Frame=47937 MoveInput=(1.000,0.000) ControlRotationYaw=183.33 Forward=(-0.998,-0.058,0.000) Right=(0.058,-0.998,-0.000) DesiredWorldMoveDir=(0.058,-0.998,0.000)
LogZZZAnim: [TurnBack][RotationDiag] Frame=47937 Phase=2 D1=0 Actor=(P0.00 Y-139.46 R0.00) Control=(P358.08 Y183.33 R0.00) VelocityYaw=93.32 AccelYaw=0.00 Desired=(0.06,-1.00,0.00) CurveDir=(0.00,1.00,0.00) Requested=(0.00,1460.95,0.00) Flags[Orient=1 ControllerDesired=0 PawnYaw=0] MeshRel=(P-0.00 Y-90.00 R0.00) MeshComp=(P0.00 Y130.54 R0.00) BoneIndex[Root=176 Bone_Root=1 Bip001=2] BoneCSYaw[Root=178.93 Bone_Root=0.00 Bip001=127.71]
LogZZZAnim: [MoveDiag][RequestDirectMove] Frame=47937 Path=RootMotion TurnBackPhase=2 SecondSegment=0 CurveDirectionSource=RM_VelocityDir CurveDirectionLocal=(0.000,1.000) DesiredWorldMoveDir=(0.058,-0.998,0.000) RootMotionDelta=(0.000,43.784,0.000) RequestDirectMoveDir=(-0.058,0.998,0.000) Speed=1460.948
LogZZZAnim: [TurnBack][Snapshot] Phase=2 SecondSegment=0 SubState=2 State=2 Gait=2 ShouldMove=1 InputForwardDot=0.605 ActorDesiredDot=0.605 Velocity=1097.10
LogZZZAnim: [MoveDiag][Intent] Frame=47938 MoveInput=(1.000,0.000) ControlRotationYaw=183.33 Forward=(-0.998,-0.058,0.000) Right=(0.058,-0.998,-0.000) DesiredWorldMoveDir=(0.058,-0.998,0.000)
LogZZZAnim: [TurnBack][RotationDiag] Frame=47938 Phase=2 D1=0 Actor=(P0.00 Y-148.92 R0.00) Control=(P358.08 Y183.33 R0.00) VelocityYaw=93.32 AccelYaw=0.00 Desired=(0.06,-1.00,0.00) CurveDir=(0.00,1.00,0.00) Requested=(0.00,1386.16,0.00) Flags[Orient=1 ControllerDesired=0 PawnYaw=0] MeshRel=(P-0.00 Y-90.00 R0.00) MeshComp=(P0.00 Y121.08 R0.00) BoneIndex[Root=176 Bone_Root=1 Bip001=2] BoneCSYaw[Root=180.00 Bone_Root=0.00 Bip001=150.40]
LogZZZAnim: [MoveDiag][RequestDirectMove] Frame=47938 Path=RootMotion TurnBackPhase=2 SecondSegment=0 CurveDirectionSource=RM_VelocityDir CurveDirectionLocal=(0.000,1.000) DesiredWorldMoveDir=(0.058,-0.998,0.000) RootMotionDelta=(0.000,32.845,0.000) RequestDirectMoveDir=(-0.058,0.998,0.000) Speed=1386.161
LogZZZAnim: [TurnBack][Snapshot] Phase=2 SecondSegment=0 SubState=2 State=2 Gait=2 ShouldMove=1 InputForwardDot=0.466 ActorDesiredDot=0.466 Velocity=1145.50
LogZZZAnim: [MoveDiag][Intent] Frame=47939 MoveInput=(1.000,0.000) ControlRotationYaw=183.33 Forward=(-0.998,-0.058,0.000) Right=(0.058,-0.998,-0.000) DesiredWorldMoveDir=(0.058,-0.998,0.000)
LogZZZAnim: [TurnBack][RotationDiag] Frame=47939 Phase=2 D1=0 Actor=(P0.00 Y-156.72 R0.00) Control=(P358.08 Y183.33 R0.00) VelocityYaw=93.32 AccelYaw=0.00 Desired=(0.06,-1.00,0.00) CurveDir=(0.00,1.00,0.00) Requested=(0.00,1416.22,0.00) Flags[Orient=1 ControllerDesired=0 PawnYaw=0] MeshRel=(P-0.00 Y-90.00 R0.00) MeshComp=(P0.00 Y113.28 R0.00) BoneIndex[Root=176 Bone_Root=1 Bip001=2] BoneCSYaw[Root=180.00 Bone_Root=0.00 Bip001=163.13]
LogZZZAnim: [MoveDiag][RequestDirectMove] Frame=47939 Path=RootMotion TurnBackPhase=2 SecondSegment=0 CurveDirectionSource=RM_VelocityDir CurveDirectionLocal=(0.000,1.000) DesiredWorldMoveDir=(0.058,-0.998,0.000) RootMotionDelta=(0.000,27.531,0.000) RequestDirectMoveDir=(-0.058,0.998,0.000) Speed=1416.221
LogZZZAnim: [TurnBack][Snapshot] Phase=2 SecondSegment=0 SubState=2 State=2 Gait=2 ShouldMove=1 InputForwardDot=0.341 ActorDesiredDot=0.341 Velocity=1185.46
LogZZZAnim: [MoveDiag][Intent] Frame=47940 MoveInput=(1.000,0.000) ControlRotationYaw=183.33 Forward=(-0.998,-0.058,0.000) Right=(0.058,-0.998,-0.000) DesiredWorldMoveDir=(0.058,-0.998,0.000)
LogZZZAnim: [TurnBack][RotationDiag] Frame=47940 Phase=2 D1=0 Actor=(P0.00 Y-166.78 R0.00) Control=(P358.08 Y183.33 R0.00) VelocityYaw=93.32 AccelYaw=0.00 Desired=(0.06,-1.00,0.00) CurveDir=(0.00,1.00,0.00) Requested=(0.00,1412.34,0.00) Flags[Orient=1 ControllerDesired=0 PawnYaw=0] MeshRel=(P-0.00 Y-90.00 R0.00) MeshComp=(P0.00 Y103.22 R0.00) BoneIndex[Root=176 Bone_Root=1 Bip001=2] BoneCSYaw[Root=180.00 Bone_Root=0.00 Bip001=171.82]
LogZZZAnim: [MoveDiag][RequestDirectMove] Frame=47940 Path=RootMotion TurnBackPhase=2 SecondSegment=0 CurveDirectionSource=RM_VelocityDir CurveDirectionLocal=(0.000,1.000) DesiredWorldMoveDir=(0.058,-0.998,0.000) RootMotionDelta=(0.000,35.625,0.000) RequestDirectMoveDir=(-0.058,0.998,0.000) Speed=1412.344
LogZZZAnim: [TurnBack][Snapshot] Phase=2 SecondSegment=0 SubState=2 State=2 Gait=2 ShouldMove=1 InputForwardDot=0.172 ActorDesiredDot=0.172 Velocity=1236.96
LogZZZAnim: [MoveDiag][Intent] Frame=47941 MoveInput=(1.000,0.000) ControlRotationYaw=183.33 Forward=(-0.998,-0.058,0.000) Right=(0.058,-0.998,-0.000) DesiredWorldMoveDir=(0.058,-0.998,0.000)
LogZZZAnim: [TurnBack][RotationDiag] Frame=47941 Phase=2 D1=0 Actor=(P0.00 Y-174.40 R0.00) Control=(P358.08 Y183.33 R0.00) VelocityYaw=93.33 AccelYaw=0.00 Desired=(0.06,-1.00,0.00) CurveDir=(0.00,1.00,0.00) Requested=(0.00,1348.39,0.00) Flags[Orient=1 ControllerDesired=0 PawnYaw=0] MeshRel=(P-0.00 Y-90.00 R0.00) MeshComp=(P0.00 Y95.60 R0.00) BoneIndex[Root=176 Bone_Root=1 Bip001=2] BoneCSYaw[Root=180.00 Bone_Root=0.00 Bip001=175.72]
LogZZZAnim: [MoveDiag][RequestDirectMove] Frame=47941 Path=RootMotion TurnBackPhase=2 SecondSegment=0 CurveDirectionSource=RM_VelocityDir CurveDirectionLocal=(0.000,1.000) DesiredWorldMoveDir=(0.058,-0.998,0.000) RootMotionDelta=(0.000,25.787,0.000) RequestDirectMoveDir=(-0.058,0.998,0.000) Speed=1348.394
LogZZZAnim: [TurnBack][Snapshot] Phase=2 SecondSegment=0 SubState=2 State=2 Gait=2 ShouldMove=1 InputForwardDot=0.040 ActorDesiredDot=0.040 Velocity=1275.98
LogZZZAnim: [MoveDiag][Intent] Frame=47942 MoveInput=(1.000,0.000) ControlRotationYaw=183.33 Forward=(-0.998,-0.058,0.000) Right=(0.058,-0.998,-0.000) DesiredWorldMoveDir=(0.058,-0.998,0.000)
LogZZZAnim: [TurnBack][RotationDiag] Frame=47942 Phase=2 D1=0 Actor=(P0.00 Y178.37 R-0.00) Control=(P358.08 Y183.33 R0.00) VelocityYaw=93.32 AccelYaw=0.00 Desired=(0.06,-1.00,0.00) CurveDir=(0.00,1.00,0.00) Requested=(0.00,1240.01,0.00) Flags[Orient=1 ControllerDesired=0 PawnYaw=0] MeshRel=(P-0.00 Y-90.00 R0.00) MeshComp=(P0.00 Y88.37 R-0.00) BoneIndex[Root=176 Bone_Root=1 Bip001=2] BoneCSYaw[Root=180.00 Bone_Root=0.00 Bip001=178.54]
LogZZZAnim: [MoveDiag][RequestDirectMove] Frame=47942 Path=RootMotion TurnBackPhase=2 SecondSegment=0 CurveDirectionSource=RM_VelocityDir CurveDirectionLocal=(0.000,1.000) DesiredWorldMoveDir=(0.058,-0.998,0.000) RootMotionDelta=(0.000,22.511,0.000) RequestDirectMoveDir=(-0.058,0.998,0.000) Speed=1240.012
LogZZZAnim: [TurnBack][Snapshot] Phase=2 SecondSegment=0 SubState=2 State=2 Gait=2 ShouldMove=1 InputForwardDot=-0.086 ActorDesiredDot=-0.086 Velocity=1313.00
LogZZZAnim: [MoveDiag][Intent] Frame=47943 MoveInput=(1.000,0.000) ControlRotationYaw=183.33 Forward=(-0.998,-0.058,0.000) Right=(0.058,-0.998,-0.000) DesiredWorldMoveDir=(0.058,-0.998,0.000)
LogZZZAnim: [TurnBack][RotationDiag] Frame=47943 Phase=2 D1=0 Actor=(P0.00 Y169.07 R-0.00) Control=(P358.08 Y183.33 R0.00) VelocityYaw=93.32 AccelYaw=0.00 Desired=(0.06,-1.00,0.00) CurveDir=(0.00,1.00,0.00) Requested=(0.00,1036.84,0.00) Flags[Orient=1 ControllerDesired=0 PawnYaw=0] MeshRel=(P-0.00 Y-90.00 R0.00) MeshComp=(P0.00 Y79.07 R-0.00) BoneIndex[Root=176 Bone_Root=1 Bip001=2] BoneCSYaw[Root=180.00 Bone_Root=0.00 Bip001=-179.91]
LogZZZAnim: [MoveDiag][RequestDirectMove] Frame=47943 Path=RootMotion TurnBackPhase=2 SecondSegment=0 CurveDirectionSource=RM_VelocityDir CurveDirectionLocal=(0.000,1.000) DesiredWorldMoveDir=(0.058,-0.998,0.000) RootMotionDelta=(0.000,25.127,0.000) RequestDirectMoveDir=(-0.058,0.998,0.000) Speed=1036.842
LogZZZAnim: [TurnBack][Snapshot] Phase=2 SecondSegment=0 SubState=2 State=2 Gait=2 ShouldMove=1 InputForwardDot=-0.246 ActorDesiredDot=-0.246 Velocity=1240.01
LogZZZAnim: [MoveDiag][Intent] Frame=47944 MoveInput=(1.000,0.000) ControlRotationYaw=183.33 Forward=(-0.998,-0.058,0.000) Right=(0.058,-0.998,-0.000) DesiredWorldMoveDir=(0.058,-0.998,0.000)
LogZZZAnim: [TurnBack][RotationDiag] Frame=47944 Phase=2 D1=0 Actor=(P0.00 Y159.43 R-0.00) Control=(P358.08 Y183.33 R0.00) VelocityYaw=93.32 AccelYaw=0.00 Desired=(0.06,-1.00,0.00) CurveDir=(0.00,1.00,0.00) Requested=(0.00,758.86,0.00) Flags[Orient=1 ControllerDesired=0 PawnYaw=0] MeshRel=(P-0.00 Y-90.00 R0.00) MeshComp=(P0.00 Y69.43 R-0.00) BoneIndex[Root=176 Bone_Root=1 Bip001=2] BoneCSYaw[Root=180.00 Bone_Root=0.00 Bip001=178.95]
LogZZZAnim: [MoveDiag][RequestDirectMove] Frame=47944 Path=RootMotion TurnBackPhase=2 SecondSegment=0 CurveDirectionSource=RM_VelocityDir CurveDirectionLocal=(0.000,1.000) DesiredWorldMoveDir=(0.058,-0.998,0.000) RootMotionDelta=(0.000,18.894,0.000) RequestDirectMoveDir=(-0.058,0.998,0.000) Speed=758.860
LogZZZAnim: [TurnBack][Snapshot] Phase=2 SecondSegment=0 SubState=2 State=2 Gait=2 ShouldMove=1 InputForwardDot=-0.405 ActorDesiredDot=-0.405 Velocity=1036.84
LogZZZAnim: [MoveDiag][Intent] Frame=47945 MoveInput=(1.000,0.000) ControlRotationYaw=183.33 Forward=(-0.998,-0.058,0.000) Right=(0.058,-0.998,-0.000) DesiredWorldMoveDir=(0.058,-0.998,0.000)
LogZZZAnim: [TurnBack][RotationDiag] Frame=47945 Phase=2 D1=0 Actor=(P0.00 Y151.53 R-0.00) Control=(P358.08 Y183.33 R0.00) VelocityYaw=93.32 AccelYaw=0.00 Desired=(0.06,-1.00,0.00) CurveDir=(0.00,1.00,0.00) Requested=(0.00,587.48,0.00) Flags[Orient=1 ControllerDesired=0 PawnYaw=0] MeshRel=(P-0.00 Y-90.00 R0.00) MeshComp=(P0.00 Y61.53 R-0.00) BoneIndex[Root=176 Bone_Root=1 Bip001=2] BoneCSYaw[Root=180.00 Bone_Root=0.00 Bip001=177.22]
LogZZZAnim: [MoveDiag][RequestDirectMove] Frame=47945 Path=RootMotion TurnBackPhase=2 SecondSegment=0 CurveDirectionSource=RM_VelocityDir CurveDirectionLocal=(0.000,1.000) DesiredWorldMoveDir=(0.058,-0.998,0.000) RootMotionDelta=(0.000,11.831,0.000) RequestDirectMoveDir=(-0.058,0.998,0.000) Speed=587.480
LogZZZAnim: [TurnBack][Snapshot] Phase=2 SecondSegment=0 SubState=2 State=2 Gait=2 ShouldMove=1 InputForwardDot=-0.527 ActorDesiredDot=-0.527 Velocity=758.86
LogZZZAnim: [MoveDiag][Intent] Frame=47946 MoveInput=(1.000,0.000) ControlRotationYaw=183.33 Forward=(-0.998,-0.058,0.000) Right=(0.058,-0.998,-0.000) DesiredWorldMoveDir=(0.058,-0.998,0.000)
LogZZZAnim: [TurnBack][RotationDiag] Frame=47946 Phase=2 D1=0 Actor=(P0.00 Y142.22 R-0.00) Control=(P358.08 Y183.33 R0.00) VelocityYaw=93.32 AccelYaw=0.00 Desired=(0.06,-1.00,0.00) CurveDir=(0.00,1.00,0.00) Requested=(0.00,443.74,0.00) Flags[Orient=1 ControllerDesired=0 PawnYaw=0] MeshRel=(P-0.00 Y-90.00 R0.00) MeshComp=(P0.00 Y52.22 R-0.00) BoneIndex[Root=176 Bone_Root=1 Bip001=2] BoneCSYaw[Root=180.00 Bone_Root=0.00 Bip001=175.36]
LogZZZAnim: [MoveDiag][RequestDirectMove] Frame=47946 Path=RootMotion TurnBackPhase=2 SecondSegment=0 CurveDirectionSource=RM_VelocityDir CurveDirectionLocal=(0.000,1.000) DesiredWorldMoveDir=(0.058,-0.998,0.000) RootMotionDelta=(0.000,10.960,0.000) RequestDirectMoveDir=(-0.058,0.998,0.000) Speed=443.745
LogZZZAnim: [TurnBack][Snapshot] Phase=2 SecondSegment=0 SubState=2 State=2 Gait=2 ShouldMove=1 InputForwardDot=-0.657 ActorDesiredDot=-0.657 Velocity=587.48
LogZZZAnim: [MoveDiag][Intent] Frame=47947 MoveInput=(1.000,0.000) ControlRotationYaw=183.33 Forward=(-0.998,-0.058,0.000) Right=(0.058,-0.998,-0.000) DesiredWorldMoveDir=(0.058,-0.998,0.000)
LogZZZAnim: [TurnBack][RotationDiag] Frame=47947 Phase=2 D1=0 Actor=(P0.00 Y133.82 R-0.00) Control=(P358.08 Y183.33 R0.00) VelocityYaw=93.32 AccelYaw=0.00 Desired=(0.06,-1.00,0.00) CurveDir=(0.00,1.00,0.00) Requested=(0.00,345.71,0.00) Flags[Orient=1 ControllerDesired=0 PawnYaw=0] MeshRel=(P-0.00 Y-90.00 R0.00) MeshComp=(P0.00 Y43.82 R-0.00) BoneIndex[Root=176 Bone_Root=1 Bip001=2] BoneCSYaw[Root=180.00 Bone_Root=0.00 Bip001=173.52]
LogZZZAnim: [MoveDiag][RequestDirectMove] Frame=47947 Path=RootMotion TurnBackPhase=2 SecondSegment=0 CurveDirectionSource=RM_VelocityDir CurveDirectionLocal=(0.000,1.000) DesiredWorldMoveDir=(0.058,-0.998,0.000) RootMotionDelta=(0.000,7.332,0.000) RequestDirectMoveDir=(-0.058,0.998,0.000) Speed=345.715
LogZZZAnim: [TurnBack][Snapshot] Phase=2 SecondSegment=0 SubState=2 State=2 Gait=2 ShouldMove=1 InputForwardDot=-0.760 ActorDesiredDot=-0.760 Velocity=443.74
LogZZZAnim: [MoveDiag][Intent] Frame=47948 MoveInput=(1.000,0.000) ControlRotationYaw=183.33 Forward=(-0.998,-0.058,0.000) Right=(0.058,-0.998,-0.000) DesiredWorldMoveDir=(0.058,-0.998,0.000)
LogZZZAnim: [TurnBack][RotationDiag] Frame=47948 Phase=2 D1=0 Actor=(P0.00 Y126.47 R-0.00) Control=(P358.08 Y183.33 R0.00) VelocityYaw=93.32 AccelYaw=0.00 Desired=(0.06,-1.00,0.00) CurveDir=(0.00,1.00,0.00) Requested=(0.00,281.95,0.00) Flags[Orient=1 ControllerDesired=0 PawnYaw=0] MeshRel=(P-0.00 Y-90.00 R0.00) MeshComp=(P0.00 Y36.47 R-0.00) BoneIndex[Root=176 Bone_Root=1 Bip001=2] BoneCSYaw[Root=180.00 Bone_Root=0.00 Bip001=171.31]
LogZZZAnim: [MoveDiag][RequestDirectMove] Frame=47948 Path=RootMotion TurnBackPhase=2 SecondSegment=0 CurveDirectionSource=RM_VelocityDir CurveDirectionLocal=(0.000,1.000) DesiredWorldMoveDir=(0.058,-0.998,0.000) RootMotionDelta=(0.000,5.216,0.000) RequestDirectMoveDir=(-0.058,0.998,0.000) Speed=281.951
LogZZZAnim: [TurnBack][Snapshot] Phase=2 SecondSegment=0 SubState=2 State=2 Gait=2 ShouldMove=1 InputForwardDot=-0.837 ActorDesiredDot=-0.837 Velocity=345.71
LogZZZAnim: [MoveDiag][Intent] Frame=47949 MoveInput=(1.000,0.000) ControlRotationYaw=183.33 Forward=(-0.998,-0.058,0.000) Right=(0.058,-0.998,-0.000) DesiredWorldMoveDir=(0.058,-0.998,0.000)
LogZZZAnim: [TurnBack][RotationDiag] Frame=47949 Phase=2 D1=0 Actor=(P0.00 Y115.52 R-0.00) Control=(P358.08 Y183.33 R0.00) VelocityYaw=93.32 AccelYaw=0.00 Desired=(0.06,-1.00,0.00) CurveDir=(0.00,1.00,0.00) Requested=(0.00,223.00,0.00) Flags[Orient=1 ControllerDesired=0 PawnYaw=0] MeshRel=(P-0.00 Y-90.00 R0.00) MeshComp=(P0.00 Y25.52 R-0.00) BoneIndex[Root=176 Bone_Root=1 Bip001=2] BoneCSYaw[Root=180.00 Bone_Root=0.00 Bip001=168.17]
LogZZZAnim: [MoveDiag][RequestDirectMove] Frame=47949 Path=RootMotion TurnBackPhase=2 SecondSegment=0 CurveDirectionSource=RM_VelocityDir CurveDirectionLocal=(0.000,1.000) DesiredWorldMoveDir=(0.058,-0.998,0.000) RootMotionDelta=(0.000,6.411,0.000) RequestDirectMoveDir=(-0.058,0.998,0.000) Speed=222.999
LogZZZAnim: [TurnBack][Snapshot] Phase=2 SecondSegment=0 SubState=2 State=2 Gait=2 ShouldMove=1 InputForwardDot=-0.926 ActorDesiredDot=-0.926 Velocity=281.95
LogZZZAnim: [MoveDiag][Intent] Frame=47950 MoveInput=(1.000,0.000) ControlRotationYaw=183.33 Forward=(-0.998,-0.058,0.000) Right=(0.058,-0.998,-0.000) DesiredWorldMoveDir=(0.058,-0.998,0.000)
LogZZZAnim: [TurnBack][RotationDiag] Frame=47950 Phase=2 D1=0 Actor=(P0.00 Y104.92 R-0.00) Control=(P358.08 Y183.33 R0.00) VelocityYaw=93.32 AccelYaw=0.00 Desired=(0.06,-1.00,0.00) CurveDir=(0.00,1.00,0.00) Requested=(0.00,214.61,0.00) Flags[Orient=1 ControllerDesired=0 PawnYaw=0] MeshRel=(P-0.00 Y-90.00 R0.00) MeshComp=(P0.00 Y14.92 R-0.00) BoneIndex[Root=176 Bone_Root=1 Bip001=2] BoneCSYaw[Root=180.00 Bone_Root=0.00 Bip001=166.94]
LogZZZAnim: [MoveDiag][RequestDirectMove] Frame=47950 Path=RootMotion TurnBackPhase=2 SecondSegment=0 CurveDirectionSource=RM_VelocityDir CurveDirectionLocal=(0.000,1.000) DesiredWorldMoveDir=(0.058,-0.998,0.000) RootMotionDelta=(0.000,5.660,0.000) RequestDirectMoveDir=(-0.058,0.998,0.000) Speed=214.611
LogZZZAnim: [TurnBack][Snapshot] Phase=2 SecondSegment=0 SubState=2 State=2 Gait=2 ShouldMove=1 InputForwardDot=-0.980 ActorDesiredDot=-0.980 Velocity=223.00
LogZZZAnim: [MoveDiag][Intent] Frame=47951 MoveInput=(1.000,0.000) ControlRotationYaw=183.33 Forward=(-0.998,-0.058,0.000) Right=(0.058,-0.998,-0.000) DesiredWorldMoveDir=(0.058,-0.998,0.000)
LogZZZAnim: [TurnBack][RotationDiag] Frame=47951 Phase=2 D1=0 Actor=(P0.00 Y94.38 R-0.00) Control=(P358.08 Y183.33 R0.00) VelocityYaw=93.32 AccelYaw=0.00 Desired=(0.06,-1.00,0.00) CurveDir=(0.00,1.00,0.00) Requested=(0.00,245.85,0.00) Flags[Orient=1 ControllerDesired=0 PawnYaw=0] MeshRel=(P-0.00 Y-90.00 R0.00) MeshComp=(P0.00 Y4.38 R-0.00) BoneIndex[Root=176 Bone_Root=1 Bip001=2] BoneCSYaw[Root=180.00 Bone_Root=0.00 Bip001=166.93]
LogZZZAnim: [MoveDiag][RequestDirectMove] Frame=47951 Path=RootMotion TurnBackPhase=2 SecondSegment=0 CurveDirectionSource=RM_VelocityDir CurveDirectionLocal=(0.000,1.000) DesiredWorldMoveDir=(0.058,-0.998,0.000) RootMotionDelta=(0.000,6.263,0.000) RequestDirectMoveDir=(-0.058,0.998,0.000) Speed=245.854
LogZZZAnim: [TurnBack][Snapshot] Phase=2 SecondSegment=0 SubState=2 State=2 Gait=2 ShouldMove=1 InputForwardDot=-1.000 ActorDesiredDot=-1.000 Velocity=214.61
LogZZZAnim: [MoveDiag][Intent] Frame=47952 MoveInput=(1.000,0.000) ControlRotationYaw=183.33 Forward=(-0.998,-0.058,0.000) Right=(0.058,-0.998,-0.000) DesiredWorldMoveDir=(0.058,-0.998,0.000)
LogZZZAnim: [TurnBack][RotationDiag] Frame=47952 Phase=2 D1=0 Actor=(P0.00 Y93.32 R-0.00) Control=(P358.08 Y183.33 R0.00) VelocityYaw=93.32 AccelYaw=0.00 Desired=(0.06,-1.00,0.00) CurveDir=(0.00,1.00,0.00) Requested=(0.00,300.64,0.00) Flags[Orient=1 ControllerDesired=0 PawnYaw=0] MeshRel=(P-0.00 Y-90.00 R0.00) MeshComp=(P0.00 Y3.32 R-0.00) BoneIndex[Root=176 Bone_Root=1 Bip001=2] BoneCSYaw[Root=180.00 Bone_Root=0.00 Bip001=167.57]
LogZZZAnim: [MoveDiag][RequestDirectMove] Frame=47952 Path=RootMotion TurnBackPhase=2 SecondSegment=0 CurveDirectionSource=RM_VelocityDir CurveDirectionLocal=(0.000,1.000) DesiredWorldMoveDir=(0.058,-0.998,0.000) RootMotionDelta=(0.000,8.552,0.000) RequestDirectMoveDir=(-0.058,0.998,0.000) Speed=300.637
LogZZZAnim: [TurnBack][Snapshot] Phase=2 SecondSegment=0 SubState=2 State=2 Gait=2 ShouldMove=1 InputForwardDot=-1.000 ActorDesiredDot=-1.000 Velocity=245.85
LogZZZAnim: [MoveDiag][Intent] Frame=47953 MoveInput=(1.000,0.000) ControlRotationYaw=183.33 Forward=(-0.998,-0.058,0.000) Right=(0.058,-0.998,-0.000) DesiredWorldMoveDir=(0.058,-0.998,0.000)
LogZZZAnim: [TurnBack][RotationDiag] Frame=47953 Phase=2 D1=0 Actor=(P0.00 Y93.32 R-0.00) Control=(P358.08 Y183.33 R0.00) VelocityYaw=93.32 AccelYaw=0.00 Desired=(0.06,-1.00,0.00) CurveDir=(0.00,1.00,0.00) Requested=(0.00,278.90,0.00) Flags[Orient=1 ControllerDesired=0 PawnYaw=0] MeshRel=(P-0.00 Y-90.00 R0.00) MeshComp=(P0.00 Y3.32 R-0.00) BoneIndex[Root=176 Bone_Root=1 Bip001=2] BoneCSYaw[Root=180.00 Bone_Root=0.00 Bip001=168.31]
LogZZZAnim: [MoveDiag][RequestDirectMove] Frame=47953 Path=RootMotion TurnBackPhase=2 SecondSegment=0 CurveDirectionSource=RM_VelocityDir CurveDirectionLocal=(0.000,1.000) DesiredWorldMoveDir=(0.058,-0.998,0.000) RootMotionDelta=(0.000,9.128,0.000) RequestDirectMoveDir=(-0.058,0.998,0.000) Speed=278.897
LogZZZAnim: [TurnBack][Snapshot] Phase=2 SecondSegment=0 SubState=2 State=2 Gait=2 ShouldMove=1 InputForwardDot=-1.000 ActorDesiredDot=-1.000 Velocity=300.64
LogZZZAnim: [MoveDiag][Intent] Frame=47954 MoveInput=(1.000,0.000) ControlRotationYaw=183.33 Forward=(-0.998,-0.058,0.000) Right=(0.058,-0.998,-0.000) DesiredWorldMoveDir=(0.058,-0.998,0.000)
LogZZZAnim: [TurnBack][RotationDiag] Frame=47954 Phase=2 D1=0 Actor=(P0.00 Y93.32 R-0.00) Control=(P358.08 Y183.33 R0.00) VelocityYaw=93.32 AccelYaw=0.00 Desired=(0.06,-1.00,0.00) CurveDir=(0.00,1.00,0.00) Requested=(0.00,245.94,0.00) Flags[Orient=1 ControllerDesired=0 PawnYaw=0] MeshRel=(P-0.00 Y-90.00 R0.00) MeshComp=(P0.00 Y3.32 R-0.00) BoneIndex[Root=176 Bone_Root=1 Bip001=2] BoneCSYaw[Root=180.00 Bone_Root=0.00 Bip001=168.54]
LogZZZAnim: [MoveDiag][RequestDirectMove] Frame=47954 Path=RootMotion TurnBackPhase=2 SecondSegment=0 CurveDirectionSource=RM_VelocityDir CurveDirectionLocal=(0.000,1.000) DesiredWorldMoveDir=(0.058,-0.998,0.000) RootMotionDelta=(0.000,7.056,0.000) RequestDirectMoveDir=(-0.058,0.998,0.000) Speed=245.943
LogZZZAnim: [TurnBack][Snapshot] Phase=2 SecondSegment=0 SubState=2 State=2 Gait=2 ShouldMove=1 InputForwardDot=-1.000 ActorDesiredDot=-1.000 Velocity=278.90
LogZZZAnim: [MoveDiag][Intent] Frame=47955 MoveInput=(1.000,0.000) ControlRotationYaw=183.33 Forward=(-0.998,-0.058,0.000) Right=(0.058,-0.998,-0.000) DesiredWorldMoveDir=(0.058,-0.998,0.000)
LogZZZAnim: [TurnBack][RotationDiag] Frame=47955 Phase=2 D1=0 Actor=(P0.00 Y93.32 R-0.00) Control=(P358.08 Y183.33 R0.00) VelocityYaw=93.32 AccelYaw=0.00 Desired=(0.06,-1.00,0.00) CurveDir=(0.00,1.00,0.00) Requested=(0.00,207.13,0.00) Flags[Orient=1 ControllerDesired=0 PawnYaw=0] MeshRel=(P-0.00 Y-90.00 R0.00) MeshComp=(P0.00 Y3.32 R-0.00) BoneIndex[Root=176 Bone_Root=1 Bip001=2] BoneCSYaw[Root=180.00 Bone_Root=0.00 Bip001=168.66]
LogZZZAnim: [MoveDiag][RequestDirectMove] Frame=47955 Path=RootMotion TurnBackPhase=2 SecondSegment=0 CurveDirectionSource=RM_VelocityDir CurveDirectionLocal=(0.000,1.000) DesiredWorldMoveDir=(0.058,-0.998,0.000) RootMotionDelta=(0.000,5.201,0.000) RequestDirectMoveDir=(-0.058,0.998,0.000) Speed=207.131
LogZZZAnim: [TurnBack][Snapshot] Phase=2 SecondSegment=0 SubState=2 State=2 Gait=2 ShouldMove=1 InputForwardDot=-1.000 ActorDesiredDot=-1.000 Velocity=245.94
LogZZZAnim: [MoveDiag][Intent] Frame=47956 MoveInput=(1.000,0.000) ControlRotationYaw=183.33 Forward=(-0.998,-0.058,0.000) Right=(0.058,-0.998,-0.000) DesiredWorldMoveDir=(0.058,-0.998,0.000)
LogZZZAnim: [TurnBack][RotationDiag] Frame=47956 Phase=2 D1=0 Actor=(P0.00 Y93.32 R-0.00) Control=(P358.08 Y183.33 R0.00) VelocityYaw=93.32 AccelYaw=0.00 Desired=(0.06,-1.00,0.00) CurveDir=(0.00,1.00,0.00) Requested=(0.00,170.57,0.00) Flags[Orient=1 ControllerDesired=0 PawnYaw=0] MeshRel=(P-0.00 Y-90.00 R0.00) MeshComp=(P0.00 Y3.32 R-0.00) BoneIndex[Root=176 Bone_Root=1 Bip001=2] BoneCSYaw[Root=180.00 Bone_Root=0.00 Bip001=168.80]
LogZZZAnim: [MoveDiag][RequestDirectMove] Frame=47956 Path=RootMotion TurnBackPhase=2 SecondSegment=0 CurveDirectionSource=RM_VelocityDir CurveDirectionLocal=(0.000,1.000) DesiredWorldMoveDir=(0.058,-0.998,0.000) RootMotionDelta=(0.000,3.340,0.000) RequestDirectMoveDir=(-0.058,0.998,0.000) Speed=170.570
LogZZZAnim: [TurnBack][Snapshot] Phase=2 SecondSegment=0 SubState=2 State=2 Gait=2 ShouldMove=1 InputForwardDot=-1.000 ActorDesiredDot=-1.000 Velocity=207.13
LogZZZAnim: [MoveDiag][Intent] Frame=47957 MoveInput=(1.000,0.000) ControlRotationYaw=183.33 Forward=(-0.998,-0.058,0.000) Right=(0.058,-0.998,-0.000) DesiredWorldMoveDir=(0.058,-0.998,0.000)
LogZZZAnim: [TurnBack][RotationDiag] Frame=47957 Phase=2 D1=0 Actor=(P0.00 Y93.32 R-0.00) Control=(P358.08 Y183.33 R0.00) VelocityYaw=93.32 AccelYaw=0.00 Desired=(0.06,-1.00,0.00) CurveDir=(0.00,1.00,0.00) Requested=(0.00,158.96,0.00) Flags[Orient=1 ControllerDesired=0 PawnYaw=0] MeshRel=(P-0.00 Y-90.00 R0.00) MeshComp=(P0.00 Y3.32 R-0.00) BoneIndex[Root=176 Bone_Root=1 Bip001=2] BoneCSYaw[Root=180.00 Bone_Root=0.00 Bip001=168.94]
LogZZZAnim: [MoveDiag][RequestDirectMove] Frame=47957 Path=RootMotion TurnBackPhase=2 SecondSegment=0 CurveDirectionSource=RM_VelocityDir CurveDirectionLocal=(0.000,1.000) DesiredWorldMoveDir=(0.058,-0.998,0.000) RootMotionDelta=(0.000,3.024,0.000) RequestDirectMoveDir=(-0.058,0.998,0.000) Speed=158.962
LogZZZAnim: [TurnBack][Snapshot] Phase=2 SecondSegment=0 SubState=2 State=2 Gait=2 ShouldMove=1 InputForwardDot=-1.000 ActorDesiredDot=-1.000 Velocity=170.57
LogZZZAnim: [MoveDiag][Intent] Frame=47958 MoveInput=(1.000,0.000) ControlRotationYaw=183.33 Forward=(-0.998,-0.058,0.000) Right=(0.058,-0.998,-0.000) DesiredWorldMoveDir=(0.058,-0.998,0.000)
LogZZZAnim: [TurnBack][RotationDiag] Frame=47958 Phase=2 D1=0 Actor=(P0.00 Y93.32 R-0.00) Control=(P358.08 Y183.33 R0.00) VelocityYaw=93.32 AccelYaw=0.00 Desired=(0.06,-1.00,0.00) CurveDir=(0.00,1.00,0.00) Requested=(0.00,161.29,0.00) Flags[Orient=1 ControllerDesired=0 PawnYaw=0] MeshRel=(P-0.00 Y-90.00 R0.00) MeshComp=(P0.00 Y3.32 R-0.00) BoneIndex[Root=176 Bone_Root=1 Bip001=2] BoneCSYaw[Root=180.00 Bone_Root=0.00 Bip001=169.06]
LogZZZAnim: [MoveDiag][RequestDirectMove] Frame=47958 Path=RootMotion TurnBackPhase=2 SecondSegment=0 CurveDirectionSource=RM_VelocityDir CurveDirectionLocal=(0.000,1.000) DesiredWorldMoveDir=(0.058,-0.998,0.000) RootMotionDelta=(0.000,3.685,0.000) RequestDirectMoveDir=(-0.058,0.998,0.000) Speed=161.291
LogZZZAnim: [TurnBack][Snapshot] Phase=2 SecondSegment=0 SubState=2 State=2 Gait=2 ShouldMove=1 InputForwardDot=-1.000 ActorDesiredDot=-1.000 Velocity=158.96
LogZZZAnim: [MoveDiag][Intent] Frame=47959 MoveInput=(1.000,0.000) ControlRotationYaw=183.33 Forward=(-0.998,-0.058,0.000) Right=(0.058,-0.998,-0.000) DesiredWorldMoveDir=(0.058,-0.998,0.000)
LogZZZAnim: [TurnBack][RotationDiag] Frame=47959 Phase=2 D1=0 Actor=(P0.00 Y93.32 R-0.00) Control=(P358.08 Y183.33 R0.00) VelocityYaw=93.32 AccelYaw=0.00 Desired=(0.06,-1.00,0.00) CurveDir=(0.00,1.00,0.00) Requested=(0.00,162.60,0.00) Flags[Orient=1 ControllerDesired=0 PawnYaw=0] MeshRel=(P-0.00 Y-90.00 R0.00) MeshComp=(P0.00 Y3.32 R-0.00) BoneIndex[Root=176 Bone_Root=1 Bip001=2] BoneCSYaw[Root=180.00 Bone_Root=0.00 Bip001=169.10]
LogZZZAnim: [MoveDiag][RequestDirectMove] Frame=47959 Path=RootMotion TurnBackPhase=2 SecondSegment=0 CurveDirectionSource=RM_VelocityDir CurveDirectionLocal=(0.000,1.000) DesiredWorldMoveDir=(0.058,-0.998,0.000) RootMotionDelta=(0.000,3.130,0.000) RequestDirectMoveDir=(-0.058,0.998,0.000) Speed=162.599
LogZZZAnim: [TurnBack][Snapshot] Phase=2 SecondSegment=0 SubState=2 State=2 Gait=2 ShouldMove=1 InputForwardDot=-1.000 ActorDesiredDot=-1.000 Velocity=161.29
LogZZZAnim: [MoveDiag][Intent] Frame=47960 MoveInput=(1.000,0.000) ControlRotationYaw=183.33 Forward=(-0.998,-0.058,0.000) Right=(0.058,-0.998,-0.000) DesiredWorldMoveDir=(0.058,-0.998,0.000)
LogZZZAnim: [TurnBack][RotationDiag] Frame=47960 Phase=2 D1=0 Actor=(P0.00 Y93.32 R-0.00) Control=(P358.08 Y183.33 R0.00) VelocityYaw=93.32 AccelYaw=0.00 Desired=(0.06,-1.00,0.00) CurveDir=(0.00,1.00,0.00) Requested=(0.00,159.51,0.00) Flags[Orient=1 ControllerDesired=0 PawnYaw=0] MeshRel=(P-0.00 Y-90.00 R0.00) MeshComp=(P0.00 Y3.32 R-0.00) BoneIndex[Root=176 Bone_Root=1 Bip001=2] BoneCSYaw[Root=180.00 Bone_Root=0.00 Bip001=169.02]
LogZZZAnim: [MoveDiag][RequestDirectMove] Frame=47960 Path=RootMotion TurnBackPhase=2 SecondSegment=0 CurveDirectionSource=RM_VelocityDir CurveDirectionLocal=(0.000,1.000) DesiredWorldMoveDir=(0.058,-0.998,0.000) RootMotionDelta=(0.000,3.026,0.000) RequestDirectMoveDir=(-0.058,0.998,0.000) Speed=159.512
LogZZZAnim: [TurnBack][Snapshot] Phase=2 SecondSegment=0 SubState=2 State=2 Gait=2 ShouldMove=1 InputForwardDot=-1.000 ActorDesiredDot=-1.000 Velocity=162.60
LogZZZAnim: [MoveDiag][Intent] Frame=47961 MoveInput=(1.000,0.000) ControlRotationYaw=183.33 Forward=(-0.998,-0.058,0.000) Right=(0.058,-0.998,-0.000) DesiredWorldMoveDir=(0.058,-0.998,0.000)
LogZZZAnim: [TurnBack][RotationDiag] Frame=47961 Phase=2 D1=0 Actor=(P0.00 Y93.32 R-0.00) Control=(P358.08 Y183.33 R0.00) VelocityYaw=93.32 AccelYaw=0.00 Desired=(0.06,-1.00,0.00) CurveDir=(0.00,1.00,0.00) Requested=(0.00,155.32,0.00) Flags[Orient=1 ControllerDesired=0 PawnYaw=0] MeshRel=(P-0.00 Y-90.00 R0.00) MeshComp=(P0.00 Y3.32 R-0.00) BoneIndex[Root=176 Bone_Root=1 Bip001=2] BoneCSYaw[Root=180.00 Bone_Root=0.00 Bip001=168.70]
LogZZZAnim: [MoveDiag][RequestDirectMove] Frame=47961 Path=RootMotion TurnBackPhase=2 SecondSegment=0 CurveDirectionSource=RM_VelocityDir CurveDirectionLocal=(0.000,1.000) DesiredWorldMoveDir=(0.058,-0.998,0.000) RootMotionDelta=(0.000,3.514,0.000) RequestDirectMoveDir=(-0.058,0.998,0.000) Speed=155.319
LogZZZAnim: [TurnBack][Snapshot] Phase=2 SecondSegment=0 SubState=2 State=2 Gait=2 ShouldMove=1 InputForwardDot=-1.000 ActorDesiredDot=-1.000 Velocity=159.51
LogZZZAnim: [MoveDiag][Intent] Frame=47962 MoveInput=(1.000,0.000) ControlRotationYaw=183.33 Forward=(-0.998,-0.058,0.000) Right=(0.058,-0.998,-0.000) DesiredWorldMoveDir=(0.058,-0.998,0.000)
LogZZZAnim: [TurnBack][RotationDiag] Frame=47962 Phase=2 D1=0 Actor=(P0.00 Y93.32 R-0.00) Control=(P358.08 Y183.33 R0.00) VelocityYaw=93.32 AccelYaw=0.00 Desired=(0.06,-1.00,0.00) CurveDir=(0.00,1.00,0.00) Requested=(0.00,146.79,0.00) Flags[Orient=1 ControllerDesired=0 PawnYaw=0] MeshRel=(P-0.00 Y-90.00 R0.00) MeshComp=(P0.00 Y3.32 R-0.00) BoneIndex[Root=176 Bone_Root=1 Bip001=2] BoneCSYaw[Root=180.00 Bone_Root=0.00 Bip001=168.30]
LogZZZAnim: [MoveDiag][RequestDirectMove] Frame=47962 Path=RootMotion TurnBackPhase=2 SecondSegment=0 CurveDirectionSource=RM_VelocityDir CurveDirectionLocal=(0.000,1.000) DesiredWorldMoveDir=(0.058,-0.998,0.000) RootMotionDelta=(0.000,3.385,0.000) RequestDirectMoveDir=(-0.058,0.998,0.000) Speed=146.789
LogZZZAnim: [TurnBack][Snapshot] Phase=2 SecondSegment=0 SubState=2 State=2 Gait=2 ShouldMove=1 InputForwardDot=-1.000 ActorDesiredDot=-1.000 Velocity=155.32
LogZZZAnim: [MoveDiag][Intent] Frame=47963 MoveInput=(1.000,0.000) ControlRotationYaw=183.33 Forward=(-0.998,-0.058,0.000) Right=(0.058,-0.998,-0.000) DesiredWorldMoveDir=(0.058,-0.998,0.000)
LogZZZAnim: [TurnBack][RotationDiag] Frame=47963 Phase=2 D1=0 Actor=(P0.00 Y93.32 R-0.00) Control=(P358.08 Y183.33 R0.00) VelocityYaw=93.32 AccelYaw=0.00 Desired=(0.06,-1.00,0.00) CurveDir=(0.00,1.00,0.00) Requested=(0.00,132.11,0.00) Flags[Orient=1 ControllerDesired=0 PawnYaw=0] MeshRel=(P-0.00 Y-90.00 R0.00) MeshComp=(P0.00 Y3.32 R-0.00) BoneIndex[Root=176 Bone_Root=1 Bip001=2] BoneCSYaw[Root=180.00 Bone_Root=0.00 Bip001=168.15]
LogZZZAnim: [MoveDiag][RequestDirectMove] Frame=47963 Path=RootMotion TurnBackPhase=2 SecondSegment=0 CurveDirectionSource=RM_VelocityDir CurveDirectionLocal=(0.000,1.000) DesiredWorldMoveDir=(0.058,-0.998,0.000) RootMotionDelta=(0.000,3.937,0.000) RequestDirectMoveDir=(-0.058,0.998,0.000) Speed=132.105
LogZZZAnim: [TurnBack][Snapshot] Phase=2 SecondSegment=0 SubState=2 State=2 Gait=2 ShouldMove=1 InputForwardDot=-1.000 ActorDesiredDot=-1.000 Velocity=146.79
LogZZZAnim: [MoveDiag][Intent] Frame=47964 MoveInput=(1.000,0.000) ControlRotationYaw=183.33 Forward=(-0.998,-0.058,0.000) Right=(0.058,-0.998,-0.000) DesiredWorldMoveDir=(0.058,-0.998,0.000)
LogZZZAnim: [TurnBack][RotationDiag] Frame=47964 Phase=2 D1=0 Actor=(P0.00 Y93.32 R-0.00) Control=(P358.08 Y183.33 R0.00) VelocityYaw=93.32 AccelYaw=0.00 Desired=(0.06,-1.00,0.00) CurveDir=(0.00,1.00,0.00) Requested=(0.00,112.23,0.00) Flags[Orient=1 ControllerDesired=0 PawnYaw=0] MeshRel=(P-0.00 Y-90.00 R0.00) MeshComp=(P0.00 Y3.32 R-0.00) BoneIndex[Root=176 Bone_Root=1 Bip001=2] BoneCSYaw[Root=180.00 Bone_Root=0.00 Bip001=167.35]
LogZZZAnim: [MoveDiag][RequestDirectMove] Frame=47964 Path=RootMotion TurnBackPhase=2 SecondSegment=0 CurveDirectionSource=RM_VelocityDir CurveDirectionLocal=(0.000,1.000) DesiredWorldMoveDir=(0.058,-0.998,0.000) RootMotionDelta=(0.000,3.433,0.000) RequestDirectMoveDir=(-0.058,0.998,0.000) Speed=112.234
LogZZZAnim: [TurnBack][Snapshot] Phase=2 SecondSegment=0 SubState=2 State=2 Gait=2 ShouldMove=1 InputForwardDot=-1.000 ActorDesiredDot=-1.000 Velocity=132.11
LogZZZAnim: [MoveDiag][Intent] Frame=47965 MoveInput=(1.000,0.000) ControlRotationYaw=183.33 Forward=(-0.998,-0.058,0.000) Right=(0.058,-0.998,-0.000) DesiredWorldMoveDir=(0.058,-0.998,0.000)
LogZZZAnim: [TurnBack][RotationDiag] Frame=47965 Phase=2 D1=0 Actor=(P0.00 Y93.32 R-0.00) Control=(P358.08 Y183.33 R0.00) VelocityYaw=93.32 AccelYaw=0.00 Desired=(0.06,-1.00,0.00) CurveDir=(0.00,1.00,0.00) Requested=(0.00,91.75,0.00) Flags[Orient=1 ControllerDesired=0 PawnYaw=0] MeshRel=(P-0.00 Y-90.00 R0.00) MeshComp=(P0.00 Y3.32 R-0.00) BoneIndex[Root=176 Bone_Root=1 Bip001=2] BoneCSYaw[Root=180.00 Bone_Root=0.00 Bip001=164.84]
LogZZZAnim: [MoveDiag][RequestDirectMove] Frame=47965 Path=RootMotion TurnBackPhase=2 SecondSegment=0 CurveDirectionSource=RM_VelocityDir CurveDirectionLocal=(0.000,1.000) DesiredWorldMoveDir=(0.058,-0.998,0.000) RootMotionDelta=(0.000,2.320,0.000) RequestDirectMoveDir=(-0.058,0.998,0.000) Speed=91.753
LogZZZAnim: [TurnBack][Snapshot] Phase=2 SecondSegment=0 SubState=2 State=2 Gait=2 ShouldMove=1 InputForwardDot=-1.000 ActorDesiredDot=-1.000 Velocity=112.23
LogZZZAnim: [MoveDiag][Intent] Frame=47966 MoveInput=(1.000,0.000) ControlRotationYaw=183.33 Forward=(-0.998,-0.058,0.000) Right=(0.058,-0.998,-0.000) DesiredWorldMoveDir=(0.058,-0.998,0.000)
LogZZZAnim: [TurnBack][Phase] CanYaw->D1 Elapsed=0.961
LogZZZAnim: [TurnBack][RotationDiag] Frame=47966 Phase=2 D1=1 Actor=(P0.00 Y93.32 R-0.00) Control=(P358.08 Y183.33 R0.00) VelocityYaw=93.32 AccelYaw=0.00 Desired=(0.06,-1.00,0.00) CurveDir=(0.00,1.00,0.00) Requested=(4.05,-69.70,0.00) Flags[Orient=1 ControllerDesired=0 PawnYaw=0] MeshRel=(P-0.00 Y-90.00 R0.00) MeshComp=(P0.00 Y3.32 R-0.00) BoneIndex[Root=176 Bone_Root=1 Bip001=2] BoneCSYaw[Root=180.00 Bone_Root=0.00 Bip001=160.09]
LogZZZAnim: [MoveDiag][RequestDirectMove] Frame=47966 Path=RootMotion TurnBackPhase=2 SecondSegment=1 CurveDirectionSource=RM_VelocityDir CurveDirectionLocal=(0.000,1.000) DesiredWorldMoveDir=(0.058,-0.998,0.000) RootMotionDelta=(0.000,1.693,0.000) RequestDirectMoveDir=(0.058,-0.998,0.000) Speed=69.814
LogZZZAnim: [TurnBack][Snapshot] Phase=2 SecondSegment=1 SubState=2 State=2 Gait=2 ShouldMove=1 InputForwardDot=-1.000 ActorDesiredDot=-1.000 Velocity=91.75
LogZZZAnim: [MoveDiag][Intent] Frame=47967 MoveInput=(1.000,0.000) ControlRotationYaw=183.33 Forward=(-0.998,-0.058,0.000) Right=(0.058,-0.998,-0.000) DesiredWorldMoveDir=(0.058,-0.998,0.000)
LogZZZAnim: [TurnBack][RotationDiag] Frame=47967 Phase=2 D1=1 Actor=(P0.00 Y84.86 R-0.00) Control=(P358.08 Y183.33 R0.00) VelocityYaw=-86.68 AccelYaw=0.00 Desired=(0.06,-1.00,0.00) CurveDir=(0.00,1.00,0.00) Requested=(2.68,-46.15,0.00) Flags[Orient=1 ControllerDesired=0 PawnYaw=0] MeshRel=(P-0.00 Y-90.00 R0.00) MeshComp=(P-0.00 Y-5.14 R-0.00) BoneIndex[Root=176 Bone_Root=1 Bip001=2] BoneCSYaw[Root=180.00 Bone_Root=0.00 Bip001=146.85]
LogZZZAnim: [MoveDiag][RequestDirectMove] Frame=47967 Path=RootMotion TurnBackPhase=2 SecondSegment=1 CurveDirectionSource=RM_VelocityDir CurveDirectionLocal=(0.000,1.000) DesiredWorldMoveDir=(0.058,-0.998,0.000) RootMotionDelta=(0.000,1.005,0.000) RequestDirectMoveDir=(0.058,-0.998,0.000) Speed=46.229
LogZZZAnim: [TurnBack][Snapshot] Phase=2 SecondSegment=1 SubState=2 State=2 Gait=2 ShouldMove=1 InputForwardDot=-0.989 ActorDesiredDot=-0.989 Velocity=69.81
LogZZZAnim: [MoveDiag][Intent] Frame=47968 MoveInput=(1.000,0.000) ControlRotationYaw=183.33 Forward=(-0.998,-0.058,0.000) Right=(0.058,-0.998,-0.000) DesiredWorldMoveDir=(0.058,-0.998,0.000)
LogZZZAnim: [TurnBack][RotationDiag] Frame=47968 Phase=2 D1=1 Actor=(P0.00 Y76.55 R-0.00) Control=(P358.08 Y183.33 R0.00) VelocityYaw=-86.68 AccelYaw=0.00 Desired=(0.06,-1.00,0.00) CurveDir=(0.00,1.00,0.00) Requested=(1.19,-20.52,0.00) Flags[Orient=1 ControllerDesired=0 PawnYaw=0] MeshRel=(P-0.00 Y-90.00 R0.00) MeshComp=(P-0.00 Y-13.45 R-0.00) BoneIndex[Root=176 Bone_Root=1 Bip001=2] BoneCSYaw[Root=180.00 Bone_Root=0.00 Bip001=131.37]
LogZZZAnim: [MoveDiag][RequestDirectMove] Frame=47968 Path=RootMotion TurnBackPhase=2 SecondSegment=1 CurveDirectionSource=RM_VelocityDir CurveDirectionLocal=(0.000,1.000) DesiredWorldMoveDir=(0.058,-0.998,0.000) RootMotionDelta=(0.000,0.477,0.000) RequestDirectMoveDir=(0.058,-0.998,0.000) Speed=20.554
LogZZZAnim: [TurnBack][Snapshot] Phase=2 SecondSegment=1 SubState=2 State=2 Gait=2 ShouldMove=1 InputForwardDot=-0.957 ActorDesiredDot=-0.957 Velocity=46.23
LogZZZAnim: [MoveDiag][Intent] Frame=47969 MoveInput=(1.000,0.000) ControlRotationYaw=183.33 Forward=(-0.998,-0.058,0.000) Right=(0.058,-0.998,-0.000) DesiredWorldMoveDir=(0.058,-0.998,0.000)
LogZZZAnim: [TurnBack][RotationDiag] Frame=47969 Phase=2 D1=1 Actor=(P0.00 Y68.44 R-0.00) Control=(P358.08 Y183.33 R0.00) VelocityYaw=-86.68 AccelYaw=0.00 Desired=(0.06,-1.00,0.00) CurveDir=(0.00,-1.00,0.00) Requested=(50.40,-867.46,0.00) Flags[Orient=1 ControllerDesired=0 PawnYaw=0] MeshRel=(P-0.00 Y-90.00 R0.00) MeshComp=(P-0.00 Y-21.56 R-0.00) BoneIndex[Root=176 Bone_Root=1 Bip001=2] BoneCSYaw[Root=180.00 Bone_Root=0.00 Bip001=123.82]
LogZZZAnim: [MoveDiag][RequestDirectMove] Frame=47969 Path=RootMotion TurnBackPhase=2 SecondSegment=1 CurveDirectionSource=RM_VelocityDir CurveDirectionLocal=(0.000,-1.000) DesiredWorldMoveDir=(0.058,-0.998,0.000) RootMotionDelta=(0.000,-14.362,0.000) RequestDirectMoveDir=(0.058,-0.998,0.000) Speed=868.918
LogZZZAnim: [TurnBack][Snapshot] Phase=2 SecondSegment=1 SubState=2 State=2 Gait=2 ShouldMove=1 InputForwardDot=-0.907 ActorDesiredDot=-0.907 Velocity=20.55
LogZZZAnim: [MoveDiag][Intent] Frame=47970 MoveInput=(1.000,0.000) ControlRotationYaw=183.33 Forward=(-0.998,-0.058,0.000) Right=(0.058,-0.998,-0.000) DesiredWorldMoveDir=(0.058,-0.998,0.000)
LogZZZAnim: [TurnBack][RotationDiag] Frame=47970 Phase=2 D1=1 Actor=(P0.00 Y58.62 R-0.00) Control=(P358.08 Y183.33 R0.00) VelocityYaw=-86.68 AccelYaw=0.00 Desired=(0.06,-1.00,0.00) CurveDir=(0.00,-1.00,0.00) Requested=(136.74,-2353.65,0.00) Flags[Orient=1 ControllerDesired=0 PawnYaw=0] MeshRel=(P-0.00 Y-90.00 R0.00) MeshComp=(P-0.00 Y-31.38 R-0.00) BoneIndex[Root=176 Bone_Root=1 Bip001=2] BoneCSYaw[Root=180.00 Bone_Root=0.00 Bip001=122.99]
LogZZZAnim: [MoveDiag][RequestDirectMove] Frame=47970 Path=RootMotion TurnBackPhase=2 SecondSegment=1 CurveDirectionSource=RM_VelocityDir CurveDirectionLocal=(0.000,-1.000) DesiredWorldMoveDir=(0.058,-0.998,0.000) RootMotionDelta=(0.000,-53.333,0.000) RequestDirectMoveDir=(0.058,-0.998,0.000) Speed=2357.616
LogZZZAnim: [TurnBack][Snapshot] Phase=2 SecondSegment=1 SubState=2 State=2 Gait=2 ShouldMove=1 InputForwardDot=-0.822 ActorDesiredDot=-0.822 Velocity=70.84
LogZZZAnim: [MoveDiag][Intent] Frame=47971 MoveInput=(1.000,0.000) ControlRotationYaw=183.33 Forward=(-0.998,-0.058,0.000) Right=(0.058,-0.998,-0.000) DesiredWorldMoveDir=(0.058,-0.998,0.000)
LogZZZAnim: [TurnBack][RotationDiag] Frame=47971 Phase=2 D1=1 Actor=(P0.00 Y48.44 R-0.00) Control=(P358.08 Y183.33 R0.00) VelocityYaw=-86.68 AccelYaw=0.00 Desired=(0.06,-1.00,0.00) CurveDir=(0.00,-1.00,0.00) Requested=(94.51,-1626.76,0.00) Flags[Orient=1 ControllerDesired=0 PawnYaw=0] MeshRel=(P-0.00 Y-90.00 R0.00) MeshComp=(P-0.00 Y-41.56 R-0.00) BoneIndex[Root=176 Bone_Root=1 Bip001=2] BoneCSYaw[Root=180.00 Bone_Root=0.00 Bip001=120.42]
LogZZZAnim: [MoveDiag][RequestDirectMove] Frame=47971 Path=RootMotion TurnBackPhase=2 SecondSegment=1 CurveDirectionSource=RM_VelocityDir CurveDirectionLocal=(0.000,-1.000) DesiredWorldMoveDir=(0.058,-0.998,0.000) RootMotionDelta=(0.000,-46.631,0.000) RequestDirectMoveDir=(0.058,-0.998,0.000) Speed=1629.500
LogZZZAnim: [TurnBack][Snapshot] Phase=2 SecondSegment=1 SubState=2 State=2 Gait=2 ShouldMove=1 InputForwardDot=-0.709 ActorDesiredDot=-0.709 Velocity=122.97
LogZZZAnim: [MoveDiag][Intent] Frame=47972 MoveInput=(1.000,0.000) ControlRotationYaw=183.33 Forward=(-0.998,-0.058,0.000) Right=(0.058,-0.998,-0.000) DesiredWorldMoveDir=(0.058,-0.998,0.000)
LogZZZAnim: [TurnBack][RotationDiag] Frame=47972 Phase=2 D1=1 Actor=(P0.00 Y38.90 R-0.00) Control=(P358.08 Y183.33 R0.00) VelocityYaw=-86.68 AccelYaw=0.00 Desired=(0.06,-1.00,0.00) CurveDir=(0.00,-1.00,0.00) Requested=(74.04,-1274.37,0.00) Flags[Orient=1 ControllerDesired=0 PawnYaw=0] MeshRel=(P-0.00 Y-90.00 R0.00) MeshComp=(P-0.00 Y-51.10 R-0.00) BoneIndex[Root=176 Bone_Root=1 Bip001=2] BoneCSYaw[Root=180.00 Bone_Root=0.00 Bip001=115.60]
LogZZZAnim: [MoveDiag][RequestDirectMove] Frame=47972 Path=RootMotion TurnBackPhase=2 SecondSegment=1 CurveDirectionSource=RM_VelocityDir CurveDirectionLocal=(0.000,-1.000) DesiredWorldMoveDir=(0.058,-0.998,0.000) RootMotionDelta=(0.000,-31.072,0.000) RequestDirectMoveDir=(0.058,-0.998,0.000) Speed=1276.517
LogZZZAnim: [TurnBack][Snapshot] Phase=2 SecondSegment=1 SubState=2 State=2 Gait=2 ShouldMove=1 InputForwardDot=-0.582 ActorDesiredDot=-0.582 Velocity=171.80
LogZZZAnim: [MoveDiag][Intent] Frame=47973 MoveInput=(1.000,0.000) ControlRotationYaw=183.33 Forward=(-0.998,-0.058,0.000) Right=(0.058,-0.998,-0.000) DesiredWorldMoveDir=(0.058,-0.998,0.000)
LogZZZAnim: [TurnBack][RotationDiag] Frame=47973 Phase=2 D1=1 Actor=(P0.00 Y29.29 R-0.00) Control=(P358.08 Y183.33 R0.00) VelocityYaw=-86.68 AccelYaw=0.00 Desired=(0.06,-1.00,0.00) CurveDir=(0.00,-1.00,0.00) Requested=(88.71,-1526.88,0.00) Flags[Orient=1 ControllerDesired=0 PawnYaw=0] MeshRel=(P-0.00 Y-90.00 R0.00) MeshComp=(P-0.00 Y-60.71 R-0.00) BoneIndex[Root=176 Bone_Root=1 Bip001=2] BoneCSYaw[Root=180.00 Bone_Root=0.00 Bip001=111.90]
LogZZZAnim: [MoveDiag][RequestDirectMove] Frame=47973 Path=RootMotion TurnBackPhase=2 SecondSegment=1 CurveDirectionSource=RM_VelocityDir CurveDirectionLocal=(0.000,-1.000) DesiredWorldMoveDir=(0.058,-0.998,0.000) RootMotionDelta=(0.000,-35.262,0.000) RequestDirectMoveDir=(0.058,-0.998,0.000) Speed=1529.450
LogZZZAnim: [TurnBack][Snapshot] Phase=2 SecondSegment=1 SubState=2 State=2 Gait=2 ShouldMove=1 InputForwardDot=-0.438 ActorDesiredDot=-0.438 Velocity=221.01
LogZZZAnim: [MoveDiag][Intent] Frame=47974 MoveInput=(1.000,0.000) ControlRotationYaw=183.33 Forward=(-0.998,-0.058,0.000) Right=(0.058,-0.998,-0.000) DesiredWorldMoveDir=(0.058,-0.998,0.000)
LogZZZAnim: [TurnBack][RotationDiag] Frame=47974 Phase=2 D1=1 Actor=(P0.00 Y19.24 R-0.00) Control=(P358.08 Y183.33 R0.00) VelocityYaw=-86.68 AccelYaw=0.00 Desired=(0.06,-1.00,0.00) CurveDir=(0.00,-1.00,0.00) Requested=(111.49,-1919.06,0.00) Flags[Orient=1 ControllerDesired=0 PawnYaw=0] MeshRel=(P-0.00 Y-90.00 R0.00) MeshComp=(P-0.00 Y-70.76 R-0.00) BoneIndex[Root=176 Bone_Root=1 Bip001=2] BoneCSYaw[Root=180.00 Bone_Root=0.00 Bip001=110.59]
LogZZZAnim: [MoveDiag][RequestDirectMove] Frame=47974 Path=RootMotion TurnBackPhase=2 SecondSegment=1 CurveDirectionSource=RM_VelocityDir CurveDirectionLocal=(0.000,-1.000) DesiredWorldMoveDir=(0.058,-0.998,0.000) RootMotionDelta=(0.000,-46.630,0.000) RequestDirectMoveDir=(0.058,-0.998,0.000) Speed=1922.297
LogZZZAnim: [TurnBack][Snapshot] Phase=2 SecondSegment=1 SubState=2 State=2 Gait=2 ShouldMove=1 InputForwardDot=-0.274 ActorDesiredDot=-0.274 Velocity=272.49
LogZZZAnim: [MoveDiag][Intent] Frame=47975 MoveInput=(1.000,0.000) ControlRotationYaw=183.33 Forward=(-0.998,-0.058,0.000) Right=(0.058,-0.998,-0.000) DesiredWorldMoveDir=(0.058,-0.998,0.000)
LogZZZAnim: [TurnBack][RotationDiag] Frame=47975 Phase=2 D1=1 Actor=(P0.00 Y10.59 R-0.00) Control=(P358.08 Y183.33 R0.00) VelocityYaw=-86.68 AccelYaw=0.00 Desired=(0.06,-1.00,0.00) CurveDir=(0.00,-1.00,0.00) Requested=(115.21,-1983.06,0.00) Flags[Orient=1 ControllerDesired=0 PawnYaw=0] MeshRel=(P-0.00 Y-90.00 R0.00) MeshComp=(P-0.00 Y-79.41 R-0.00) BoneIndex[Root=176 Bone_Root=1 Bip001=2] BoneCSYaw[Root=180.00 Bone_Root=0.00 Bip001=110.16]
LogZZZAnim: [MoveDiag][RequestDirectMove] Frame=47975 Path=RootMotion TurnBackPhase=2 SecondSegment=1 CurveDirectionSource=RM_VelocityDir CurveDirectionLocal=(0.000,-1.000) DesiredWorldMoveDir=(0.058,-0.998,0.000) RootMotionDelta=(0.000,-42.832,0.000) RequestDirectMoveDir=(0.058,-0.998,0.000) Speed=1986.408
LogZZZAnim: [TurnBack][Snapshot] Phase=2 SecondSegment=1 SubState=2 State=2 Gait=2 ShouldMove=1 InputForwardDot=-0.126 ActorDesiredDot=-0.126 Velocity=316.75
LogZZZAnim: [MoveDiag][Intent] Frame=47976 MoveInput=(1.000,0.000) ControlRotationYaw=183.33 Forward=(-0.998,-0.058,0.000) Right=(0.058,-0.998,-0.000) DesiredWorldMoveDir=(0.058,-0.998,0.000)
LogZZZAnim: [TurnBack][RotationDiag] Frame=47976 Phase=2 D1=1 Actor=(P0.00 Y2.76 R-0.00) Control=(P358.08 Y183.33 R0.00) VelocityYaw=-86.68 AccelYaw=0.00 Desired=(0.06,-1.00,0.00) CurveDir=(0.00,-1.00,0.00) Requested=(117.94,-2030.02,0.00) Flags[Orient=1 ControllerDesired=0 PawnYaw=0] MeshRel=(P-0.00 Y-90.00 R0.00) MeshComp=(P-0.00 Y-87.24 R-0.00) BoneIndex[Root=176 Bone_Root=1 Bip001=2] BoneCSYaw[Root=180.00 Bone_Root=0.00 Bip001=110.02]
LogZZZAnim: [MoveDiag][RequestDirectMove] Frame=47976 Path=RootMotion TurnBackPhase=2 SecondSegment=1 CurveDirectionSource=RM_VelocityDir CurveDirectionLocal=(0.000,-1.000) DesiredWorldMoveDir=(0.058,-0.998,0.000) RootMotionDelta=(0.000,-39.747,0.000) RequestDirectMoveDir=(0.058,-0.998,0.000) Speed=2033.447
LogZZZAnim: [TurnBack][Snapshot] Phase=2 SecondSegment=1 SubState=2 State=2 Gait=2 ShouldMove=1 InputForwardDot=0.010 ActorDesiredDot=0.010 Velocity=356.85
LogZZZAnim: [MoveDiag][Intent] Frame=47977 MoveInput=(1.000,0.000) ControlRotationYaw=183.33 Forward=(-0.998,-0.058,0.000) Right=(0.058,-0.998,-0.000) DesiredWorldMoveDir=(0.058,-0.998,0.000)
LogZZZAnim: [TurnBack][RotationDiag] Frame=47977 Phase=2 D1=1 Actor=(P0.00 Y-5.46 R0.00) Control=(P358.08 Y183.33 R0.00) VelocityYaw=-86.68 AccelYaw=0.00 Desired=(0.06,-1.00,0.00) CurveDir=(0.00,-1.00,0.00) Requested=(120.12,-2067.62,0.00) Flags[Orient=1 ControllerDesired=0 PawnYaw=0] MeshRel=(P-0.00 Y-90.00 R0.00) MeshComp=(P-0.00 Y-95.46 R-0.00) BoneIndex[Root=176 Bone_Root=1 Bip001=2] BoneCSYaw[Root=180.00 Bone_Root=0.00 Bip001=110.06]
LogZZZAnim: [MoveDiag][RequestDirectMove] Frame=47977 Path=RootMotion TurnBackPhase=2 SecondSegment=1 CurveDirectionSource=RM_VelocityDir CurveDirectionLocal=(0.000,-1.000) DesiredWorldMoveDir=(0.058,-0.998,0.000) RootMotionDelta=(0.000,-42.479,0.000) RequestDirectMoveDir=(0.058,-0.998,0.000) Speed=2071.107
LogZZZAnim: [TurnBack][Snapshot] Phase=2 SecondSegment=1 SubState=2 State=2 Gait=2 ShouldMove=1 InputForwardDot=0.153 ActorDesiredDot=0.153 Velocity=398.94
LogZZZAnim: [MoveDiag][Intent] Frame=47978 MoveInput=(1.000,0.000) ControlRotationYaw=183.33 Forward=(-0.998,-0.058,0.000) Right=(0.058,-0.998,-0.000) DesiredWorldMoveDir=(0.058,-0.998,0.000)
LogZZZAnim: [TurnBack][RotationDiag] Frame=47978 Phase=2 D1=1 Actor=(P0.00 Y-13.25 R0.00) Control=(P358.08 Y183.33 R0.00) VelocityYaw=-86.68 AccelYaw=0.00 Desired=(0.06,-1.00,0.00) CurveDir=(0.00,-1.00,0.00) Requested=(121.52,-2091.69,0.00) Flags[Orient=1 ControllerDesired=0 PawnYaw=0] MeshRel=(P-0.00 Y-90.00 R0.00) MeshComp=(P-0.00 Y-103.25 R-0.00) BoneIndex[Root=176 Bone_Root=1 Bip001=2] BoneCSYaw[Root=180.00 Bone_Root=0.00 Bip001=110.24]
LogZZZAnim: [MoveDiag][RequestDirectMove] Frame=47978 Path=RootMotion TurnBackPhase=2 SecondSegment=1 CurveDirectionSource=RM_VelocityDir CurveDirectionLocal=(0.000,-1.000) DesiredWorldMoveDir=(0.058,-0.998,0.000) RootMotionDelta=(0.000,-40.753,0.000) RequestDirectMoveDir=(0.058,-0.998,0.000) Speed=2095.213
LogZZZAnim: [TurnBack][Snapshot] Phase=2 SecondSegment=1 SubState=2 State=2 Gait=2 ShouldMove=1 InputForwardDot=0.285 ActorDesiredDot=0.285 Velocity=438.83
LogZZZAnim: [MoveDiag][Intent] Frame=47979 MoveInput=(1.000,0.000) ControlRotationYaw=183.33 Forward=(-0.998,-0.058,0.000) Right=(0.058,-0.998,-0.000) DesiredWorldMoveDir=(0.058,-0.998,0.000)
LogZZZAnim: [TurnBack][RotationDiag] Frame=47979 Phase=2 D1=1 Actor=(P0.00 Y-26.09 R0.00) Control=(P358.08 Y183.33 R0.00) VelocityYaw=-86.68 AccelYaw=0.00 Desired=(0.06,-1.00,0.00) CurveDir=(0.00,-1.00,0.00) Requested=(122.26,-2104.47,0.00) Flags[Orient=1 ControllerDesired=0 PawnYaw=0] MeshRel=(P-0.00 Y-90.00 R0.00) MeshComp=(P-0.00 Y-116.09 R-0.00) BoneIndex[Root=176 Bone_Root=1 Bip001=2] BoneCSYaw[Root=180.00 Bone_Root=0.00 Bip001=110.69]
LogZZZAnim: [MoveDiag][RequestDirectMove] Frame=47979 Path=RootMotion TurnBackPhase=2 SecondSegment=1 CurveDirectionSource=RM_VelocityDir CurveDirectionLocal=(0.000,-1.000) DesiredWorldMoveDir=(0.058,-0.998,0.000) RootMotionDelta=(0.000,-67.611,0.000) RequestDirectMoveDir=(0.058,-0.998,0.000) Speed=2108.017
LogZZZAnim: [TurnBack][Snapshot] Phase=2 SecondSegment=1 SubState=2 State=2 Gait=2 ShouldMove=1 InputForwardDot=0.491 ActorDesiredDot=0.491 Velocity=504.55
LogZZZAnim: [MoveDiag][Intent] Frame=47980 MoveInput=(1.000,0.000) ControlRotationYaw=183.33 Forward=(-0.998,-0.058,0.000) Right=(0.058,-0.998,-0.000) DesiredWorldMoveDir=(0.058,-0.998,0.000)
LogZZZAnim: [TurnBack][RotationDiag] Frame=47980 Phase=2 D1=1 Actor=(P0.00 Y-39.17 R0.00) Control=(P358.08 Y183.33 R0.00) VelocityYaw=-86.68 AccelYaw=0.00 Desired=(0.06,-1.00,0.00) CurveDir=(0.00,-1.00,0.00) Requested=(121.20,-2086.16,0.00) Flags[Orient=1 ControllerDesired=0 PawnYaw=0] MeshRel=(P-0.00 Y-90.00 R0.00) MeshComp=(P-0.00 Y-129.17 R-0.00) BoneIndex[Root=176 Bone_Root=1 Bip001=2] BoneCSYaw[Root=180.00 Bone_Root=0.00 Bip001=111.12]
LogZZZAnim: [MoveDiag][RequestDirectMove] Frame=47980 Path=RootMotion TurnBackPhase=2 SecondSegment=1 CurveDirectionSource=RM_VelocityDir CurveDirectionLocal=(0.000,-1.000) DesiredWorldMoveDir=(0.058,-0.998,0.000) RootMotionDelta=(0.000,-68.556,0.000) RequestDirectMoveDir=(0.058,-0.998,0.000) Speed=2089.679
LogZZZAnim: [TurnBack][Snapshot] Phase=2 SecondSegment=1 SubState=2 State=2 Gait=2 ShouldMove=1 InputForwardDot=0.676 ActorDesiredDot=0.676 Velocity=571.52
LogZZZAnim: [MoveDiag][Intent] Frame=47981 MoveInput=(1.000,0.000) ControlRotationYaw=183.33 Forward=(-0.998,-0.058,0.000) Right=(0.058,-0.998,-0.000) DesiredWorldMoveDir=(0.058,-0.998,0.000)
LogZZZAnim: [TurnBack][RotationDiag] Frame=47981 Phase=2 D1=1 Actor=(P0.00 Y-51.38 R0.00) Control=(P358.08 Y183.33 R0.00) VelocityYaw=-86.68 AccelYaw=0.00 Desired=(0.06,-1.00,0.00) CurveDir=(0.00,-1.00,0.00) Requested=(75.46,-1298.81,0.00) Flags[Orient=1 ControllerDesired=0 PawnYaw=0] MeshRel=(P-0.00 Y-90.00 R0.00) MeshComp=(P-0.00 Y-141.38 R-0.00) BoneIndex[Root=176 Bone_Root=1 Bip001=2] BoneCSYaw[Root=180.00 Bone_Root=0.00 Bip001=111.41]
LogZZZAnim: [MoveDiag][RequestDirectMove] Frame=47981 Path=RootMotion TurnBackPhase=2 SecondSegment=1 CurveDirectionSource=RM_VelocityDir CurveDirectionLocal=(0.000,-1.000) DesiredWorldMoveDir=(0.058,-0.998,0.000) RootMotionDelta=(0.000,-50.345,0.000) RequestDirectMoveDir=(0.058,-0.998,0.000) Speed=1301.004
LogZZZAnim: [TurnBack][Snapshot] Phase=2 SecondSegment=1 SubState=2 State=2 Gait=2 ShouldMove=1 InputForwardDot=0.816 ActorDesiredDot=0.816 Velocity=634.02
LogZZZAnim: [MoveDiag][Intent] Frame=47982 MoveInput=(1.000,0.000) ControlRotationYaw=183.33 Forward=(-0.998,-0.058,0.000) Right=(0.058,-0.998,-0.000) DesiredWorldMoveDir=(0.058,-0.998,0.000)
LogZZZAnim: [TurnBack][RotationDiag] Frame=47982 Phase=2 D1=1 Actor=(P0.00 Y-62.41 R0.00) Control=(P358.08 Y183.33 R0.00) VelocityYaw=-86.68 AccelYaw=0.00 Desired=(0.06,-1.00,0.00) CurveDir=(0.00,-1.00,0.00) Requested=(59.99,-1032.55,0.00) Flags[Orient=1 ControllerDesired=0 PawnYaw=0] MeshRel=(P-0.00 Y-90.00 R0.00) MeshComp=(P-0.00 Y-152.41 R-0.00) BoneIndex[Root=176 Bone_Root=1 Bip001=2] BoneCSYaw[Root=180.00 Bone_Root=0.00 Bip001=111.97]
LogZZZAnim: [MoveDiag][RequestDirectMove] Frame=47982 Path=RootMotion TurnBackPhase=2 SecondSegment=1 CurveDirectionSource=RM_VelocityDir CurveDirectionLocal=(0.000,-1.000) DesiredWorldMoveDir=(0.058,-0.998,0.000) RootMotionDelta=(0.000,-28.530,0.000) RequestDirectMoveDir=(0.058,-0.998,0.000) Speed=1034.295
LogZZZAnim: [TurnBack][Snapshot] Phase=2 SecondSegment=1 SubState=2 State=2 Gait=2 ShouldMove=1 InputForwardDot=0.912 ActorDesiredDot=0.912 Velocity=690.51
LogZZZAnim: [MoveDiag][Intent] Frame=47983 MoveInput=(1.000,0.000) ControlRotationYaw=183.33 Forward=(-0.998,-0.058,0.000) Right=(0.058,-0.998,-0.000) DesiredWorldMoveDir=(0.058,-0.998,0.000)
LogZZZAnim: [TurnBack][RotationDiag] Frame=47983 Phase=2 D1=1 Actor=(P0.00 Y-70.72 R0.00) Control=(P358.08 Y183.33 R0.00) VelocityYaw=-86.68 AccelYaw=0.00 Desired=(0.06,-1.00,0.00) CurveDir=(0.00,-1.00,0.00) Requested=(59.99,-1032.55,0.00) Flags[Orient=1 ControllerDesired=0 PawnYaw=0] MeshRel=(P-0.00 Y-90.00 R0.00) MeshComp=(P-0.00 Y-160.72 R-0.00) BoneIndex[Root=176 Bone_Root=1 Bip001=2] BoneCSYaw[Root=180.00 Bone_Root=0.00 Bip001=112.36]
LogZZZAnim: [MoveDiag][RequestDirectMove] Frame=47983 Path=RootMotion TurnBackPhase=2 SecondSegment=1 CurveDirectionSource=RM_VelocityDir CurveDirectionLocal=(0.000,-1.000) DesiredWorldMoveDir=(0.058,-0.998,0.000) RootMotionDelta=(0.000,-21.477,0.000) RequestDirectMoveDir=(0.058,-0.998,0.000) Speed=1034.293
LogZZZAnim: [TurnBack][Snapshot] Phase=2 SecondSegment=1 SubState=2 State=2 Gait=2 ShouldMove=1 InputForwardDot=0.961 ActorDesiredDot=0.961 Velocity=733.04
LogZZZAnim: [MoveDiag][Intent] Frame=47984 MoveInput=(1.000,0.000) ControlRotationYaw=183.33 Forward=(-0.998,-0.058,0.000) Right=(0.058,-0.998,-0.000) DesiredWorldMoveDir=(0.058,-0.998,0.000)
LogZZZAnim: [TurnBack][RotationDiag] Frame=47984 Phase=2 D1=1 Actor=(P0.00 Y-81.82 R0.00) Control=(P358.08 Y183.33 R0.00) VelocityYaw=-86.68 AccelYaw=0.00 Desired=(0.06,-1.00,0.00) CurveDir=(0.00,-1.00,0.00) Requested=(59.96,-1031.98,0.00) Flags[Orient=1 ControllerDesired=0 PawnYaw=0] MeshRel=(P-0.00 Y-90.00 R0.00) MeshComp=(P-0.00 Y-171.82 R-0.00) BoneIndex[Root=176 Bone_Root=1 Bip001=2] BoneCSYaw[Root=180.00 Bone_Root=0.00 Bip001=112.06]
LogZZZAnim: [MoveDiag][RequestDirectMove] Frame=47984 Path=RootMotion TurnBackPhase=2 SecondSegment=1 CurveDirectionSource=RM_VelocityDir CurveDirectionLocal=(0.000,-1.000) DesiredWorldMoveDir=(0.058,-0.998,0.000) RootMotionDelta=(0.000,-28.691,0.000) RequestDirectMoveDir=(0.058,-0.998,0.000) Speed=1033.720
LogZZZAnim: [TurnBack][Snapshot] Phase=2 SecondSegment=1 SubState=2 State=2 Gait=2 ShouldMove=1 InputForwardDot=0.996 ActorDesiredDot=0.996 Velocity=789.88
LogZZZAnim: [MoveDiag][Intent] Frame=47985 MoveInput=(1.000,0.000) ControlRotationYaw=183.33 Forward=(-0.998,-0.058,0.000) Right=(0.058,-0.998,-0.000) DesiredWorldMoveDir=(0.058,-0.998,0.000)
LogZZZAnim: [TurnBack][RotationDiag] Frame=47985 Phase=2 D1=1 Actor=(P0.00 Y-86.67 R0.00) Control=(P358.08 Y183.33 R0.00) VelocityYaw=-86.68 AccelYaw=0.00 Desired=(0.06,-1.00,0.00) CurveDir=(0.00,-1.00,0.00) Requested=(59.99,-1032.55,0.00) Flags[Orient=1 ControllerDesired=0 PawnYaw=0] MeshRel=(P-0.00 Y-90.00 R0.00) MeshComp=(P-0.00 Y-176.67 R-0.00) BoneIndex[Root=176 Bone_Root=1 Bip001=2] BoneCSYaw[Root=180.00 Bone_Root=0.00 Bip001=112.16]
LogZZZAnim: [MoveDiag][RequestDirectMove] Frame=47985 Path=RootMotion TurnBackPhase=2 SecondSegment=1 CurveDirectionSource=RM_VelocityDir CurveDirectionLocal=(0.000,-1.000) DesiredWorldMoveDir=(0.058,-0.998,0.000) RootMotionDelta=(0.000,-19.222,0.000) RequestDirectMoveDir=(0.058,-0.998,0.000) Speed=1034.290
LogZZZAnim: [TurnBack][Snapshot] Phase=2 SecondSegment=1 SubState=2 State=2 Gait=2 ShouldMove=1 InputForwardDot=1.000 ActorDesiredDot=1.000 Velocity=827.94
LogZZZAnim: [MoveDiag][Intent] Frame=47986 MoveInput=(1.000,0.000) ControlRotationYaw=183.33 Forward=(-0.998,-0.058,0.000) Right=(0.058,-0.998,-0.000) DesiredWorldMoveDir=(0.058,-0.998,0.000)
LogZZZAnim: [TurnBack][RotationDiag] Frame=47986 Phase=2 D1=1 Actor=(P0.00 Y-86.67 R0.00) Control=(P358.08 Y183.33 R0.00) VelocityYaw=-86.68 AccelYaw=0.00 Desired=(0.06,-1.00,0.00) CurveDir=(0.00,-1.00,0.00) Requested=(59.99,-1032.55,0.00) Flags[Orient=1 ControllerDesired=0 PawnYaw=0] MeshRel=(P-0.00 Y-90.00 R0.00) MeshComp=(P-0.00 Y-176.67 R-0.00) BoneIndex[Root=176 Bone_Root=1 Bip001=2] BoneCSYaw[Root=180.00 Bone_Root=0.00 Bip001=113.18]
LogZZZAnim: [MoveDiag][RequestDirectMove] Frame=47986 Path=RootMotion TurnBackPhase=2 SecondSegment=1 CurveDirectionSource=RM_VelocityDir CurveDirectionLocal=(0.000,-1.000) DesiredWorldMoveDir=(0.058,-0.998,0.000) RootMotionDelta=(0.000,-19.514,0.000) RequestDirectMoveDir=(0.058,-0.998,0.000) Speed=1034.294
LogZZZAnim: [TurnBack][Snapshot] Phase=2 SecondSegment=1 SubState=2 State=2 Gait=2 ShouldMove=1 InputForwardDot=1.000 ActorDesiredDot=1.000 Velocity=866.58
LogZZZAnim: [MoveDiag][Intent] Frame=47987 MoveInput=(1.000,0.000) ControlRotationYaw=183.33 Forward=(-0.998,-0.058,0.000) Right=(0.058,-0.998,-0.000) DesiredWorldMoveDir=(0.058,-0.998,0.000)
LogZZZAnim: [TurnBack][RotationDiag] Frame=47987 Phase=2 D1=1 Actor=(P0.00 Y-86.67 R0.00) Control=(P358.08 Y183.33 R0.00) VelocityYaw=-86.68 AccelYaw=0.00 Desired=(0.06,-1.00,0.00) CurveDir=(0.00,-1.00,0.00) Requested=(60.07,-1033.88,0.00) Flags[Orient=1 ControllerDesired=0 PawnYaw=0] MeshRel=(P-0.00 Y-90.00 R0.00) MeshComp=(P-0.00 Y-176.67 R-0.00) BoneIndex[Root=176 Bone_Root=1 Bip001=2] BoneCSYaw[Root=180.00 Bone_Root=0.00 Bip001=115.05]
LogZZZAnim: [MoveDiag][RequestDirectMove] Frame=47987 Path=RootMotion TurnBackPhase=2 SecondSegment=1 CurveDirectionSource=RM_VelocityDir CurveDirectionLocal=(0.000,-1.000) DesiredWorldMoveDir=(0.058,-0.998,0.000) RootMotionDelta=(0.000,-29.898,0.000) RequestDirectMoveDir=(0.058,-0.998,0.000) Speed=1035.623
LogZZZAnim: [TurnBack][Snapshot] Phase=2 SecondSegment=1 SubState=2 State=2 Gait=2 ShouldMove=1 InputForwardDot=1.000 ActorDesiredDot=1.000 Velocity=925.73
LogZZZAnim: [MoveDiag][Intent] Frame=47988 MoveInput=(1.000,0.000) ControlRotationYaw=183.33 Forward=(-0.998,-0.058,0.000) Right=(0.058,-0.998,-0.000) DesiredWorldMoveDir=(0.058,-0.998,0.000)
LogZZZAnim: [TurnBack][RotationDiag] Frame=47988 Phase=2 D1=1 Actor=(P0.00 Y-86.67 R0.00) Control=(P358.08 Y183.33 R0.00) VelocityYaw=-86.68 AccelYaw=0.00 Desired=(0.06,-1.00,0.00) CurveDir=(0.00,-1.00,0.00) Requested=(60.25,-1036.98,0.00) Flags[Orient=1 ControllerDesired=0 PawnYaw=0] MeshRel=(P-0.00 Y-90.00 R0.00) MeshComp=(P-0.00 Y-176.67 R-0.00) BoneIndex[Root=176 Bone_Root=1 Bip001=2] BoneCSYaw[Root=180.00 Bone_Root=0.00 Bip001=114.46]
LogZZZAnim: [MoveDiag][RequestDirectMove] Frame=47988 Path=RootMotion TurnBackPhase=2 SecondSegment=1 CurveDirectionSource=RM_VelocityDir CurveDirectionLocal=(0.000,-1.000) DesiredWorldMoveDir=(0.058,-0.998,0.000) RootMotionDelta=(0.000,-31.508,0.000) RequestDirectMoveDir=(0.058,-0.998,0.000) Speed=1038.729
LogZZZAnim: [TurnBack][Snapshot] Phase=2 SecondSegment=1 SubState=2 State=2 Gait=2 ShouldMove=1 InputForwardDot=1.000 ActorDesiredDot=1.000 Velocity=987.85
LogZZZAnim: [MoveDiag][Intent] Frame=47989 MoveInput=(1.000,0.000) ControlRotationYaw=183.33 Forward=(-0.998,-0.058,0.000) Right=(0.058,-0.998,-0.000) DesiredWorldMoveDir=(0.058,-0.998,0.000)
LogZZZAnim: [TurnBack][RotationDiag] Frame=47989 Phase=2 D1=1 Actor=(P0.00 Y-86.67 R0.00) Control=(P358.08 Y183.33 R0.00) VelocityYaw=-86.68 AccelYaw=0.00 Desired=(0.06,-1.00,0.00) CurveDir=(0.00,-1.00,0.00) Requested=(60.25,-1036.98,0.00) Flags[Orient=1 ControllerDesired=0 PawnYaw=0] MeshRel=(P-0.00 Y-90.00 R0.00) MeshComp=(P-0.00 Y-176.67 R-0.00) BoneIndex[Root=176 Bone_Root=1 Bip001=2] BoneCSYaw[Root=180.00 Bone_Root=0.00 Bip001=108.90]
LogZZZAnim: [MoveDiag][RequestDirectMove] Frame=47989 Path=RootMotion TurnBackPhase=2 SecondSegment=1 CurveDirectionSource=RM_VelocityDir CurveDirectionLocal=(0.000,-1.000) DesiredWorldMoveDir=(0.058,-0.998,0.000) RootMotionDelta=(0.000,-22.642,0.000) RequestDirectMoveDir=(0.058,-0.998,0.000) Speed=1038.729
LogZZZAnim: [TurnBack][Snapshot] Phase=2 SecondSegment=1 SubState=2 State=2 Gait=2 ShouldMove=1 InputForwardDot=1.000 ActorDesiredDot=1.000 Velocity=1032.49
LogZZZAnim: [MoveDiag][Intent] Frame=47990 MoveInput=(1.000,0.000) ControlRotationYaw=183.33 Forward=(-0.998,-0.058,0.000) Right=(0.058,-0.998,-0.000) DesiredWorldMoveDir=(0.058,-0.998,0.000)
LogZZZAnim: [TurnBack][RotationDiag] Frame=47990 Phase=2 D1=1 Actor=(P0.00 Y-86.67 R0.00) Control=(P358.08 Y183.33 R0.00) VelocityYaw=-86.68 AccelYaw=0.00 Desired=(0.06,-1.00,0.00) CurveDir=(0.00,-1.00,0.00) Requested=(60.25,-1036.98,0.00) Flags[Orient=1 ControllerDesired=0 PawnYaw=0] MeshRel=(P-0.00 Y-90.00 R0.00) MeshComp=(P-0.00 Y-176.67 R-0.00) BoneIndex[Root=176 Bone_Root=1 Bip001=2] BoneCSYaw[Root=180.00 Bone_Root=0.00 Bip001=102.09]
LogZZZAnim: [MoveDiag][RequestDirectMove] Frame=47990 Path=RootMotion TurnBackPhase=2 SecondSegment=1 CurveDirectionSource=RM_VelocityDir CurveDirectionLocal=(0.000,-1.000) DesiredWorldMoveDir=(0.058,-0.998,0.000) RootMotionDelta=(0.000,-26.390,0.000) RequestDirectMoveDir=(0.058,-0.998,0.000) Speed=1038.724
LogZZZAnim: [TurnBack][Snapshot] Phase=2 SecondSegment=1 SubState=2 State=2 Gait=2 ShouldMove=1 InputForwardDot=1.000 ActorDesiredDot=1.000 Velocity=1038.73
LogZZZAnim: [MoveDiag][Intent] Frame=47991 MoveInput=(1.000,0.000) ControlRotationYaw=183.33 Forward=(-0.998,-0.058,0.000) Right=(0.058,-0.998,-0.000) DesiredWorldMoveDir=(0.058,-0.998,0.000)
LogZZZAnim: [TurnBack][RotationDiag] Frame=47991 Phase=2 D1=1 Actor=(P0.00 Y-86.67 R0.00) Control=(P358.08 Y183.33 R0.00) VelocityYaw=-86.68 AccelYaw=0.00 Desired=(0.06,-1.00,0.00) CurveDir=(0.00,-1.00,0.00) Requested=(60.19,-1036.04,0.00) Flags[Orient=1 ControllerDesired=0 PawnYaw=0] MeshRel=(P-0.00 Y-90.00 R0.00) MeshComp=(P-0.00 Y-176.67 R-0.00) BoneIndex[Root=176 Bone_Root=1 Bip001=2] BoneCSYaw[Root=180.00 Bone_Root=0.00 Bip001=101.09]
LogZZZAnim: [MoveDiag][RequestDirectMove] Frame=47991 Path=RootMotion TurnBackPhase=2 SecondSegment=1 CurveDirectionSource=RM_VelocityDir CurveDirectionLocal=(0.000,-1.000) DesiredWorldMoveDir=(0.058,-0.998,0.000) RootMotionDelta=(0.000,-21.193,0.000) RequestDirectMoveDir=(0.058,-0.998,0.000) Speed=1037.784
LogZZZAnim: [TurnBack][Snapshot] Phase=2 SecondSegment=1 SubState=2 State=2 Gait=2 ShouldMove=1 InputForwardDot=1.000 ActorDesiredDot=1.000 Velocity=1038.72
LogZZZAnim: [MoveDiag][Intent] Frame=47992 MoveInput=(1.000,0.000) ControlRotationYaw=183.33 Forward=(-0.998,-0.058,0.000) Right=(0.058,-0.998,-0.000) DesiredWorldMoveDir=(0.058,-0.998,0.000)
LogZZZAnim: [TurnBack][RotationDiag] Frame=47992 Phase=2 D1=1 Actor=(P0.00 Y-86.67 R0.00) Control=(P358.08 Y183.33 R0.00) VelocityYaw=-86.68 AccelYaw=0.00 Desired=(0.06,-1.00,0.00) CurveDir=(0.00,-1.00,0.00) Requested=(60.25,-1036.98,0.00) Flags[Orient=1 ControllerDesired=0 PawnYaw=0] MeshRel=(P-0.00 Y-90.00 R0.00) MeshComp=(P-0.00 Y-176.67 R-0.00) BoneIndex[Root=176 Bone_Root=1 Bip001=2] BoneCSYaw[Root=180.00 Bone_Root=0.00 Bip001=99.16]
LogZZZAnim: [MoveDiag][RequestDirectMove] Frame=47992 Path=RootMotion TurnBackPhase=2 SecondSegment=1 CurveDirectionSource=RM_VelocityDir CurveDirectionLocal=(0.000,-1.000) DesiredWorldMoveDir=(0.058,-0.998,0.000) RootMotionDelta=(0.000,-23.892,0.000) RequestDirectMoveDir=(0.058,-0.998,0.000) Speed=1038.730
LogZZZAnim: [TurnBack][Snapshot] Phase=2 SecondSegment=1 SubState=2 State=2 Gait=2 ShouldMove=1 InputForwardDot=1.000 ActorDesiredDot=1.000 Velocity=1037.78
LogZZZAnim: [MoveDiag][Intent] Frame=47993 MoveInput=(1.000,0.000) ControlRotationYaw=183.33 Forward=(-0.998,-0.058,0.000) Right=(0.058,-0.998,-0.000) DesiredWorldMoveDir=(0.058,-0.998,0.000)
LogZZZAnim: [TurnBack][RotationDiag] Frame=47993 Phase=2 D1=1 Actor=(P0.00 Y-86.67 R0.00) Control=(P358.08 Y183.33 R0.00) VelocityYaw=-86.68 AccelYaw=0.00 Desired=(0.06,-1.00,0.00) CurveDir=(0.00,-1.00,0.00) Requested=(60.25,-1036.98,0.00) Flags[Orient=1 ControllerDesired=0 PawnYaw=0] MeshRel=(P-0.00 Y-90.00 R0.00) MeshComp=(P-0.00 Y-176.67 R-0.00) BoneIndex[Root=176 Bone_Root=1 Bip001=2] BoneCSYaw[Root=180.00 Bone_Root=0.00 Bip001=93.36]
LogZZZAnim: [MoveDiag][RequestDirectMove] Frame=47993 Path=RootMotion TurnBackPhase=2 SecondSegment=1 CurveDirectionSource=RM_VelocityDir CurveDirectionLocal=(0.000,-1.000) DesiredWorldMoveDir=(0.058,-0.998,0.000) RootMotionDelta=(0.000,-26.360,0.000) RequestDirectMoveDir=(0.058,-0.998,0.000) Speed=1038.726
LogZZZAnim: [TurnBack][Snapshot] Phase=2 SecondSegment=1 SubState=2 State=2 Gait=2 ShouldMove=1 InputForwardDot=1.000 ActorDesiredDot=1.000 Velocity=1038.73
LogZZZAnim: [MoveDiag][Intent] Frame=47994 MoveInput=(1.000,0.000) ControlRotationYaw=183.33 Forward=(-0.998,-0.058,0.000) Right=(0.058,-0.998,-0.000) DesiredWorldMoveDir=(0.058,-0.998,0.000)
LogZZZAnim: [TurnBack][RotationDiag] Frame=47994 Phase=2 D1=1 Actor=(P0.00 Y-86.67 R0.00) Control=(P358.08 Y183.33 R0.00) VelocityYaw=-86.68 AccelYaw=0.00 Desired=(0.06,-1.00,0.00) CurveDir=(0.00,-1.00,0.00) Requested=(60.25,-1036.98,0.00) Flags[Orient=1 ControllerDesired=0 PawnYaw=0] MeshRel=(P-0.00 Y-90.00 R0.00) MeshComp=(P-0.00 Y-176.67 R-0.00) BoneIndex[Root=176 Bone_Root=1 Bip001=2] BoneCSYaw[Root=180.00 Bone_Root=0.00 Bip001=79.13]
LogZZZAnim: [MoveDiag][RequestDirectMove] Frame=47994 Path=RootMotion TurnBackPhase=2 SecondSegment=1 CurveDirectionSource=RM_VelocityDir CurveDirectionLocal=(0.000,-1.000) DesiredWorldMoveDir=(0.058,-0.998,0.000) RootMotionDelta=(0.000,-26.325,0.000) RequestDirectMoveDir=(0.058,-0.998,0.000) Speed=1038.728
LogZZZAnim: [TurnBack][Snapshot] Phase=2 SecondSegment=1 SubState=2 State=2 Gait=2 ShouldMove=1 InputForwardDot=1.000 ActorDesiredDot=1.000 Velocity=1038.73
LogZZZAnim: [MoveDiag][Intent] Frame=47995 MoveInput=(1.000,0.000) ControlRotationYaw=183.33 Forward=(-0.998,-0.058,0.000) Right=(0.058,-0.998,-0.000) DesiredWorldMoveDir=(0.058,-0.998,0.000)
LogZZZAnim: [TurnBack][RotationDiag] Frame=47995 Phase=2 D1=1 Actor=(P0.00 Y-86.67 R0.00) Control=(P358.08 Y183.33 R0.00) VelocityYaw=-86.68 AccelYaw=0.00 Desired=(0.06,-1.00,0.00) CurveDir=(0.00,-1.00,0.00) Requested=(60.25,-1036.97,0.00) Flags[Orient=1 ControllerDesired=0 PawnYaw=0] MeshRel=(P-0.00 Y-90.00 R0.00) MeshComp=(P-0.00 Y-176.67 R-0.00) BoneIndex[Root=176 Bone_Root=1 Bip001=2] BoneCSYaw[Root=180.00 Bone_Root=0.00 Bip001=69.14]
LogZZZAnim: [MoveDiag][RequestDirectMove] Frame=47995 Path=RootMotion TurnBackPhase=2 SecondSegment=1 CurveDirectionSource=RM_VelocityDir CurveDirectionLocal=(0.000,-1.000) DesiredWorldMoveDir=(0.058,-0.998,0.000) RootMotionDelta=(0.000,-25.032,0.000) RequestDirectMoveDir=(0.058,-0.998,0.000) Speed=1038.723
LogZZZAnim: [TurnBack][Snapshot] Phase=2 SecondSegment=1 SubState=2 State=2 Gait=2 ShouldMove=1 InputForwardDot=1.000 ActorDesiredDot=1.000 Velocity=1038.73
LogZZZAnim: [MoveDiag][Intent] Frame=47996 MoveInput=(1.000,0.000) ControlRotationYaw=183.33 Forward=(-0.998,-0.058,0.000) Right=(0.058,-0.998,-0.000) DesiredWorldMoveDir=(0.058,-0.998,0.000)
LogZZZAnim: [TurnBack][RotationDiag] Frame=47996 Phase=2 D1=1 Actor=(P0.00 Y-86.67 R0.00) Control=(P358.08 Y183.33 R0.00) VelocityYaw=-86.68 AccelYaw=0.00 Desired=(0.06,-1.00,0.00) CurveDir=(0.00,-1.00,0.00) Requested=(60.25,-1036.98,0.00) Flags[Orient=1 ControllerDesired=0 PawnYaw=0] MeshRel=(P-0.00 Y-90.00 R0.00) MeshComp=(P-0.00 Y-176.67 R-0.00) BoneIndex[Root=176 Bone_Root=1 Bip001=2] BoneCSYaw[Root=180.00 Bone_Root=0.00 Bip001=65.83]
LogZZZAnim: [MoveDiag][RequestDirectMove] Frame=47996 Path=RootMotion TurnBackPhase=2 SecondSegment=1 CurveDirectionSource=RM_VelocityDir CurveDirectionLocal=(0.000,-1.000) DesiredWorldMoveDir=(0.058,-0.998,0.000) RootMotionDelta=(0.000,-26.649,0.000) RequestDirectMoveDir=(0.058,-0.998,0.000) Speed=1038.730
LogZZZAnim: [TurnBack][Snapshot] Phase=2 SecondSegment=1 SubState=2 State=2 Gait=2 ShouldMove=1 InputForwardDot=1.000 ActorDesiredDot=1.000 Velocity=1038.72
LogZZZAnim: [MoveDiag][Intent] Frame=47997 MoveInput=(1.000,0.000) ControlRotationYaw=183.33 Forward=(-0.998,-0.058,0.000) Right=(0.058,-0.998,-0.000) DesiredWorldMoveDir=(0.058,-0.998,0.000)
LogZZZAnim: [TurnBack][RotationDiag] Frame=47997 Phase=2 D1=1 Actor=(P0.00 Y-86.67 R0.00) Control=(P358.08 Y183.33 R0.00) VelocityYaw=-86.68 AccelYaw=0.00 Desired=(0.06,-1.00,0.00) CurveDir=(0.00,-1.00,0.00) Requested=(60.25,-1036.98,0.00) Flags[Orient=1 ControllerDesired=0 PawnYaw=0] MeshRel=(P-0.00 Y-90.00 R0.00) MeshComp=(P-0.00 Y-176.67 R-0.00) BoneIndex[Root=176 Bone_Root=1 Bip001=2] BoneCSYaw[Root=180.00 Bone_Root=0.00 Bip001=67.18]
LogZZZAnim: [MoveDiag][RequestDirectMove] Frame=47997 Path=RootMotion TurnBackPhase=2 SecondSegment=1 CurveDirectionSource=RM_VelocityDir CurveDirectionLocal=(0.000,-1.000) DesiredWorldMoveDir=(0.058,-0.998,0.000) RootMotionDelta=(0.000,-25.262,0.000) RequestDirectMoveDir=(0.058,-0.998,0.000) Speed=1038.724
LogZZZAnim: [TurnBack][Snapshot] Phase=2 SecondSegment=1 SubState=2 State=2 Gait=2 ShouldMove=1 InputForwardDot=1.000 ActorDesiredDot=1.000 Velocity=1038.73
LogZZZAnim: [MoveDiag][Intent] Frame=47998 MoveInput=(1.000,0.000) ControlRotationYaw=183.33 Forward=(-0.998,-0.058,0.000) Right=(0.058,-0.998,-0.000) DesiredWorldMoveDir=(0.058,-0.998,0.000)
LogZZZAnim: [TurnBack][RotationDiag] Frame=47998 Phase=2 D1=1 Actor=(P0.00 Y-86.67 R0.00) Control=(P358.08 Y183.33 R0.00) VelocityYaw=-86.68 AccelYaw=0.00 Desired=(0.06,-1.00,0.00) CurveDir=(0.00,-1.00,0.00) Requested=(60.25,-1036.98,0.00) Flags[Orient=1 ControllerDesired=0 PawnYaw=0] MeshRel=(P-0.00 Y-90.00 R0.00) MeshComp=(P-0.00 Y-176.67 R-0.00) BoneIndex[Root=176 Bone_Root=1 Bip001=2] BoneCSYaw[Root=180.00 Bone_Root=0.00 Bip001=71.72]
LogZZZAnim: [MoveDiag][RequestDirectMove] Frame=47998 Path=RootMotion TurnBackPhase=2 SecondSegment=1 CurveDirectionSource=RM_VelocityDir CurveDirectionLocal=(0.000,-1.000) DesiredWorldMoveDir=(0.058,-0.998,0.000) RootMotionDelta=(0.000,-25.862,0.000) RequestDirectMoveDir=(0.058,-0.998,0.000) Speed=1038.731
LogZZZAnim: [TurnBack][Snapshot] Phase=2 SecondSegment=1 SubState=2 State=2 Gait=2 ShouldMove=1 InputForwardDot=1.000 ActorDesiredDot=1.000 Velocity=1038.72
LogZZZAnim: [MoveDiag][Intent] Frame=47999 MoveInput=(1.000,0.000) ControlRotationYaw=183.33 Forward=(-0.998,-0.058,0.000) Right=(0.058,-0.998,-0.000) DesiredWorldMoveDir=(0.058,-0.998,0.000)
LogZZZAnim: [TurnBack][RotationDiag] Frame=47999 Phase=2 D1=1 Actor=(P0.00 Y-86.67 R0.00) Control=(P358.08 Y183.33 R0.00) VelocityYaw=-86.68 AccelYaw=0.00 Desired=(0.06,-1.00,0.00) CurveDir=(0.00,-1.00,0.00) Requested=(60.25,-1036.98,0.00) Flags[Orient=1 ControllerDesired=0 PawnYaw=0] MeshRel=(P-0.00 Y-90.00 R0.00) MeshComp=(P-0.00 Y-176.67 R-0.00) BoneIndex[Root=176 Bone_Root=1 Bip001=2] BoneCSYaw[Root=180.00 Bone_Root=0.00 Bip001=77.13]
LogZZZAnim: [MoveDiag][RequestDirectMove] Frame=47999 Path=RootMotion TurnBackPhase=2 SecondSegment=1 CurveDirectionSource=RM_VelocityDir CurveDirectionLocal=(0.000,-1.000) DesiredWorldMoveDir=(0.058,-0.998,0.000) RootMotionDelta=(0.000,-22.176,0.000) RequestDirectMoveDir=(0.058,-0.998,0.000) Speed=1038.728
LogZZZAnim: [TurnBack][Snapshot] Phase=2 SecondSegment=1 SubState=2 State=2 Gait=2 ShouldMove=1 InputForwardDot=1.000 ActorDesiredDot=1.000 Velocity=1038.73
LogZZZAnim: [MoveDiag][Intent] Frame=48000 MoveInput=(1.000,0.000) ControlRotationYaw=183.33 Forward=(-0.998,-0.058,0.000) Right=(0.058,-0.998,-0.000) DesiredWorldMoveDir=(0.058,-0.998,0.000)
LogZZZAnim: [TurnBack][RotationDiag] Frame=48000 Phase=2 D1=1 Actor=(P0.00 Y-86.67 R0.00) Control=(P358.08 Y183.33 R0.00) VelocityYaw=-86.68 AccelYaw=0.00 Desired=(0.06,-1.00,0.00) CurveDir=(0.00,-1.00,0.00) Requested=(60.26,-1037.30,0.00) Flags[Orient=1 ControllerDesired=0 PawnYaw=0] MeshRel=(P-0.00 Y-90.00 R0.00) MeshComp=(P-0.00 Y-176.67 R-0.00) BoneIndex[Root=176 Bone_Root=1 Bip001=2] BoneCSYaw[Root=180.00 Bone_Root=0.00 Bip001=84.79]
LogZZZAnim: [MoveDiag][RequestDirectMove] Frame=48000 Path=RootMotion TurnBackPhase=2 SecondSegment=1 CurveDirectionSource=RM_VelocityDir CurveDirectionLocal=(0.000,-1.000) DesiredWorldMoveDir=(0.058,-0.998,0.000) RootMotionDelta=(0.000,-21.853,0.000) RequestDirectMoveDir=(0.058,-0.998,0.000) Speed=1039.053
LogZZZAnim: [TurnBack][Snapshot] Phase=2 SecondSegment=1 SubState=2 State=2 Gait=2 ShouldMove=1 InputForwardDot=1.000 ActorDesiredDot=1.000 Velocity=1038.73
LogZZZAnim: [MoveDiag][Intent] Frame=48001 MoveInput=(1.000,0.000) ControlRotationYaw=183.33 Forward=(-0.998,-0.058,0.000) Right=(0.058,-0.998,-0.000) DesiredWorldMoveDir=(0.058,-0.998,0.000)
LogZZZAnim: [TurnBack][RotationDiag] Frame=48001 Phase=2 D1=1 Actor=(P0.00 Y-86.67 R0.00) Control=(P358.08 Y183.33 R0.00) VelocityYaw=-86.68 AccelYaw=0.00 Desired=(0.06,-1.00,0.00) CurveDir=(0.00,-1.00,0.00) Requested=(60.25,-1036.98,0.00) Flags[Orient=1 ControllerDesired=0 PawnYaw=0] MeshRel=(P-0.00 Y-90.00 R0.00) MeshComp=(P-0.00 Y-176.67 R-0.00) BoneIndex[Root=176 Bone_Root=1 Bip001=2] BoneCSYaw[Root=180.00 Bone_Root=0.00 Bip001=93.62]
LogZZZAnim: [MoveDiag][RequestDirectMove] Frame=48001 Path=RootMotion TurnBackPhase=2 SecondSegment=1 CurveDirectionSource=RM_VelocityDir CurveDirectionLocal=(0.000,-1.000) DesiredWorldMoveDir=(0.058,-0.998,0.000) RootMotionDelta=(0.000,-22.073,0.000) RequestDirectMoveDir=(0.058,-0.998,0.000) Speed=1038.725
LogZZZAnim: [TurnBack][Snapshot] Phase=2 SecondSegment=1 SubState=2 State=2 Gait=2 ShouldMove=1 InputForwardDot=1.000 ActorDesiredDot=1.000 Velocity=1039.05
LogZZZAnim: [MoveDiag][Intent] Frame=48002 MoveInput=(1.000,0.000) ControlRotationYaw=183.33 Forward=(-0.998,-0.058,0.000) Right=(0.058,-0.998,-0.000) DesiredWorldMoveDir=(0.058,-0.998,0.000)
LogZZZAnim: [TurnBack][RotationDiag] Frame=48002 Phase=2 D1=1 Actor=(P0.00 Y-86.67 R0.00) Control=(P358.08 Y183.33 R0.00) VelocityYaw=-86.68 AccelYaw=0.00 Desired=(0.06,-1.00,0.00) CurveDir=(0.00,-1.00,0.00) Requested=(60.25,-1036.98,0.00) Flags[Orient=1 ControllerDesired=0 PawnYaw=0] MeshRel=(P-0.00 Y-90.00 R0.00) MeshComp=(P-0.00 Y-176.67 R-0.00) BoneIndex[Root=176 Bone_Root=1 Bip001=2] BoneCSYaw[Root=180.00 Bone_Root=0.00 Bip001=103.29]
LogZZZAnim: [MoveDiag][RequestDirectMove] Frame=48002 Path=RootMotion TurnBackPhase=2 SecondSegment=1 CurveDirectionSource=RM_VelocityDir CurveDirectionLocal=(0.000,-1.000) DesiredWorldMoveDir=(0.058,-0.998,0.000) RootMotionDelta=(0.000,-22.066,0.000) RequestDirectMoveDir=(0.058,-0.998,0.000) Speed=1038.729
LogZZZAnim: [TurnBack][Snapshot] Phase=2 SecondSegment=1 SubState=2 State=2 Gait=2 ShouldMove=1 InputForwardDot=1.000 ActorDesiredDot=1.000 Velocity=1038.73
LogZZZAnim: [MoveDiag][Intent] Frame=48003 MoveInput=(1.000,0.000) ControlRotationYaw=183.33 Forward=(-0.998,-0.058,0.000) Right=(0.058,-0.998,-0.000) DesiredWorldMoveDir=(0.058,-0.998,0.000)
LogZZZAnim: [TurnBack][RotationDiag] Frame=48003 Phase=2 D1=1 Actor=(P0.00 Y-86.67 R0.00) Control=(P358.08 Y183.33 R0.00) VelocityYaw=-86.68 AccelYaw=0.00 Desired=(0.06,-1.00,0.00) CurveDir=(0.00,-1.00,0.00) Requested=(60.25,-1036.98,0.00) Flags[Orient=1 ControllerDesired=0 PawnYaw=0] MeshRel=(P-0.00 Y-90.00 R0.00) MeshComp=(P-0.00 Y-176.67 R-0.00) BoneIndex[Root=176 Bone_Root=1 Bip001=2] BoneCSYaw[Root=180.00 Bone_Root=0.00 Bip001=114.04]
LogZZZAnim: [MoveDiag][RequestDirectMove] Frame=48003 Path=RootMotion TurnBackPhase=2 SecondSegment=1 CurveDirectionSource=RM_VelocityDir CurveDirectionLocal=(0.000,-1.000) DesiredWorldMoveDir=(0.058,-0.998,0.000) RootMotionDelta=(0.000,-25.035,0.000) RequestDirectMoveDir=(0.058,-0.998,0.000) Speed=1038.728
LogZZZAnim: [TurnBack][Snapshot] Phase=2 SecondSegment=1 SubState=2 State=2 Gait=2 ShouldMove=1 InputForwardDot=1.000 ActorDesiredDot=1.000 Velocity=1038.73
LogZZZAnim: [MoveDiag][Intent] Frame=48004 MoveInput=(1.000,0.000) ControlRotationYaw=183.33 Forward=(-0.998,-0.058,0.000) Right=(0.058,-0.998,-0.000) DesiredWorldMoveDir=(0.058,-0.998,0.000)
LogZZZAnim: [TurnBack][RotationDiag] Frame=48004 Phase=2 D1=1 Actor=(P0.00 Y-86.67 R0.00) Control=(P358.08 Y183.33 R0.00) VelocityYaw=-86.68 AccelYaw=0.00 Desired=(0.06,-1.00,0.00) CurveDir=(0.00,-1.00,0.00) Requested=(60.25,-1036.98,0.00) Flags[Orient=1 ControllerDesired=0 PawnYaw=0] MeshRel=(P-0.00 Y-90.00 R0.00) MeshComp=(P-0.00 Y-176.67 R-0.00) BoneIndex[Root=176 Bone_Root=1 Bip001=2] BoneCSYaw[Root=180.00 Bone_Root=0.00 Bip001=116.56]
LogZZZAnim: [MoveDiag][RequestDirectMove] Frame=48004 Path=RootMotion TurnBackPhase=2 SecondSegment=1 CurveDirectionSource=RM_VelocityDir CurveDirectionLocal=(0.000,-1.000) DesiredWorldMoveDir=(0.058,-0.998,0.000) RootMotionDelta=(0.000,-27.021,0.000) RequestDirectMoveDir=(0.058,-0.998,0.000) Speed=1038.728
LogZZZAnim: [TurnBack][Snapshot] Phase=2 SecondSegment=1 SubState=2 State=2 Gait=2 ShouldMove=1 InputForwardDot=1.000 ActorDesiredDot=1.000 Velocity=1038.73
LogZZZAnim: [MoveDiag][Intent] Frame=48005 MoveInput=(1.000,0.000) ControlRotationYaw=183.33 Forward=(-0.998,-0.058,0.000) Right=(0.058,-0.998,-0.000) DesiredWorldMoveDir=(0.058,-0.998,0.000)
LogZZZAnim: [TurnBack][RotationDiag] Frame=48005 Phase=2 D1=1 Actor=(P0.00 Y-86.67 R0.00) Control=(P358.08 Y183.33 R0.00) VelocityYaw=-86.68 AccelYaw=0.00 Desired=(0.06,-1.00,0.00) CurveDir=(0.00,-1.00,0.00) Requested=(60.25,-1036.98,0.00) Flags[Orient=1 ControllerDesired=0 PawnYaw=0] MeshRel=(P-0.00 Y-90.00 R0.00) MeshComp=(P-0.00 Y-176.67 R-0.00) BoneIndex[Root=176 Bone_Root=1 Bip001=2] BoneCSYaw[Root=180.00 Bone_Root=0.00 Bip001=114.72]
LogZZZAnim: [MoveDiag][RequestDirectMove] Frame=48005 Path=RootMotion TurnBackPhase=2 SecondSegment=1 CurveDirectionSource=RM_VelocityDir CurveDirectionLocal=(0.000,-1.000) DesiredWorldMoveDir=(0.058,-0.998,0.000) RootMotionDelta=(0.000,-24.370,0.000) RequestDirectMoveDir=(0.058,-0.998,0.000) Speed=1038.728
LogZZZAnim: [TurnBack][Snapshot] Phase=2 SecondSegment=1 SubState=2 State=2 Gait=2 ShouldMove=1 InputForwardDot=1.000 ActorDesiredDot=1.000 Velocity=1038.73
LogZZZAnim: [MoveDiag][Intent] Frame=48006 MoveInput=(1.000,0.000) ControlRotationYaw=183.33 Forward=(-0.998,-0.058,0.000) Right=(0.058,-0.998,-0.000) DesiredWorldMoveDir=(0.058,-0.998,0.000)
LogZZZAnim: [TurnBack][RotationDiag] Frame=48006 Phase=2 D1=1 Actor=(P0.00 Y-86.67 R0.00) Control=(P358.08 Y183.33 R0.00) VelocityYaw=-86.68 AccelYaw=0.00 Desired=(0.06,-1.00,0.00) CurveDir=(0.00,-1.00,0.00) Requested=(60.25,-1036.98,0.00) Flags[Orient=1 ControllerDesired=0 PawnYaw=0] MeshRel=(P-0.00 Y-90.00 R0.00) MeshComp=(P-0.00 Y-176.67 R-0.00) BoneIndex[Root=176 Bone_Root=1 Bip001=2] BoneCSYaw[Root=180.00 Bone_Root=0.00 Bip001=108.93]
LogZZZAnim: [MoveDiag][RequestDirectMove] Frame=48006 Path=RootMotion TurnBackPhase=2 SecondSegment=1 CurveDirectionSource=RM_VelocityDir CurveDirectionLocal=(0.000,-1.000) DesiredWorldMoveDir=(0.058,-0.998,0.000) RootMotionDelta=(0.000,-22.945,0.000) RequestDirectMoveDir=(0.058,-0.998,0.000) Speed=1038.727
LogZZZAnim: [TurnBack][Snapshot] Phase=2 SecondSegment=1 SubState=2 State=2 Gait=2 ShouldMove=1 InputForwardDot=1.000 ActorDesiredDot=1.000 Velocity=1038.73
LogZZZAnim: [MoveDiag][Intent] Frame=48007 MoveInput=(1.000,0.000) ControlRotationYaw=183.33 Forward=(-0.998,-0.058,0.000) Right=(0.058,-0.998,-0.000) DesiredWorldMoveDir=(0.058,-0.998,0.000)
LogZZZAnim: [TurnBack][RotationDiag] Frame=48007 Phase=2 D1=1 Actor=(P0.00 Y-86.67 R0.00) Control=(P358.08 Y183.33 R0.00) VelocityYaw=-86.68 AccelYaw=0.00 Desired=(0.06,-1.00,0.00) CurveDir=(0.00,-1.00,0.00) Requested=(60.25,-1036.98,0.00) Flags[Orient=1 ControllerDesired=0 PawnYaw=0] MeshRel=(P-0.00 Y-90.00 R0.00) MeshComp=(P-0.00 Y-176.67 R-0.00) BoneIndex[Root=176 Bone_Root=1 Bip001=2] BoneCSYaw[Root=180.00 Bone_Root=0.00 Bip001=101.68]
LogZZZAnim: [MoveDiag][RequestDirectMove] Frame=48007 Path=RootMotion TurnBackPhase=2 SecondSegment=1 CurveDirectionSource=RM_VelocityDir CurveDirectionLocal=(0.000,-1.000) DesiredWorldMoveDir=(0.058,-0.998,0.000) RootMotionDelta=(0.000,-32.740,0.000) RequestDirectMoveDir=(0.058,-0.998,0.000) Speed=1038.729
LogZZZAnim: [TurnBack][Snapshot] Phase=2 SecondSegment=1 SubState=2 State=2 Gait=2 ShouldMove=1 InputForwardDot=1.000 ActorDesiredDot=1.000 Velocity=1038.73
LogZZZAnim: [MoveDiag][Intent] Frame=48008 MoveInput=(1.000,0.000) ControlRotationYaw=183.33 Forward=(-0.998,-0.058,0.000) Right=(0.058,-0.998,-0.000) DesiredWorldMoveDir=(0.058,-0.998,0.000)
LogZZZAnim: [TurnBack][RotationDiag] Frame=48008 Phase=2 D1=1 Actor=(P0.00 Y-86.67 R0.00) Control=(P358.08 Y183.33 R0.00) VelocityYaw=-86.68 AccelYaw=0.00 Desired=(0.06,-1.00,0.00) CurveDir=(0.00,-1.00,0.00) Requested=(60.25,-1036.98,0.00) Flags[Orient=1 ControllerDesired=0 PawnYaw=0] MeshRel=(P-0.00 Y-90.00 R0.00) MeshComp=(P-0.00 Y-176.67 R-0.00) BoneIndex[Root=176 Bone_Root=1 Bip001=2] BoneCSYaw[Root=180.00 Bone_Root=0.00 Bip001=100.61]
LogZZZAnim: [MoveDiag][RequestDirectMove] Frame=48008 Path=RootMotion TurnBackPhase=2 SecondSegment=1 CurveDirectionSource=RM_VelocityDir CurveDirectionLocal=(0.000,-1.000) DesiredWorldMoveDir=(0.058,-0.998,0.000) RootMotionDelta=(0.000,-30.499,0.000) RequestDirectMoveDir=(0.058,-0.998,0.000) Speed=1038.729
LogZZZAnim: [TurnBack][Snapshot] Phase=2 SecondSegment=1 SubState=2 State=2 Gait=2 ShouldMove=1 InputForwardDot=1.000 ActorDesiredDot=1.000 Velocity=1038.73
LogZZZAnim: [MoveDiag][Intent] Frame=48009 MoveInput=(1.000,0.000) ControlRotationYaw=183.33 Forward=(-0.998,-0.058,0.000) Right=(0.058,-0.998,-0.000) DesiredWorldMoveDir=(0.058,-0.998,0.000)
LogZZZAnim: [TurnBack][RotationDiag] Frame=48009 Phase=2 D1=1 Actor=(P0.00 Y-86.67 R0.00) Control=(P358.08 Y183.33 R0.00) VelocityYaw=-86.68 AccelYaw=0.00 Desired=(0.06,-1.00,0.00) CurveDir=(0.00,-1.00,0.00) Requested=(60.25,-1036.98,0.00) Flags[Orient=1 ControllerDesired=0 PawnYaw=0] MeshRel=(P-0.00 Y-90.00 R0.00) MeshComp=(P-0.00 Y-176.67 R-0.00) BoneIndex[Root=176 Bone_Root=1 Bip001=2] BoneCSYaw[Root=180.00 Bone_Root=0.00 Bip001=94.62]
LogZZZAnim: [MoveDiag][RequestDirectMove] Frame=48009 Path=RootMotion TurnBackPhase=2 SecondSegment=1 CurveDirectionSource=RM_VelocityDir CurveDirectionLocal=(0.000,-1.000) DesiredWorldMoveDir=(0.058,-0.998,0.000) RootMotionDelta=(0.000,-31.596,0.000) RequestDirectMoveDir=(0.058,-0.998,0.000) Speed=1038.729
LogZZZAnim: [TurnBack][Snapshot] Phase=2 SecondSegment=1 SubState=2 State=2 Gait=2 ShouldMove=1 InputForwardDot=1.000 ActorDesiredDot=1.000 Velocity=1038.73
LogZZZAnim: [MoveDiag][Intent] Frame=48010 MoveInput=(1.000,0.000) ControlRotationYaw=183.33 Forward=(-0.998,-0.058,0.000) Right=(0.058,-0.998,-0.000) DesiredWorldMoveDir=(0.058,-0.998,0.000)
LogZZZAnim: [TurnBack][RotationDiag] Frame=48010 Phase=2 D1=1 Actor=(P0.00 Y-86.67 R0.00) Control=(P358.08 Y183.33 R0.00) VelocityYaw=-86.68 AccelYaw=0.00 Desired=(0.06,-1.00,0.00) CurveDir=(0.00,-1.00,0.00) Requested=(60.25,-1036.98,0.00) Flags[Orient=1 ControllerDesired=0 PawnYaw=0] MeshRel=(P-0.00 Y-90.00 R0.00) MeshComp=(P-0.00 Y-176.67 R-0.00) BoneIndex[Root=176 Bone_Root=1 Bip001=2] BoneCSYaw[Root=180.00 Bone_Root=0.00 Bip001=82.08]
LogZZZAnim: [MoveDiag][RequestDirectMove] Frame=48010 Path=RootMotion TurnBackPhase=2 SecondSegment=1 CurveDirectionSource=RM_VelocityDir CurveDirectionLocal=(0.000,-1.000) DesiredWorldMoveDir=(0.058,-0.998,0.000) RootMotionDelta=(0.000,-25.115,0.000) RequestDirectMoveDir=(0.058,-0.998,0.000) Speed=1038.729
LogZZZAnim: [TurnBack][Snapshot] Phase=2 SecondSegment=1 SubState=2 State=2 Gait=2 ShouldMove=1 InputForwardDot=1.000 ActorDesiredDot=1.000 Velocity=1038.73
LogZZZAnim: [MoveDiag][Intent] Frame=48011 MoveInput=(1.000,0.000) ControlRotationYaw=183.33 Forward=(-0.998,-0.058,0.000) Right=(0.058,-0.998,-0.000) DesiredWorldMoveDir=(0.058,-0.998,0.000)
LogZZZAnim: [TurnBack][RotationDiag] Frame=48011 Phase=2 D1=1 Actor=(P0.00 Y-86.67 R0.00) Control=(P358.08 Y183.33 R0.00) VelocityYaw=-86.68 AccelYaw=0.00 Desired=(0.06,-1.00,0.00) CurveDir=(0.00,-1.00,0.00) Requested=(60.20,-1036.19,0.00) Flags[Orient=1 ControllerDesired=0 PawnYaw=0] MeshRel=(P-0.00 Y-90.00 R0.00) MeshComp=(P-0.00 Y-176.67 R-0.00) BoneIndex[Root=176 Bone_Root=1 Bip001=2] BoneCSYaw[Root=180.00 Bone_Root=0.00 Bip001=70.99]
LogZZZAnim: [MoveDiag][RequestDirectMove] Frame=48011 Path=RootMotion TurnBackPhase=2 SecondSegment=1 CurveDirectionSource=RM_VelocityDir CurveDirectionLocal=(0.000,-1.000) DesiredWorldMoveDir=(0.058,-0.998,0.000) RootMotionDelta=(0.000,-24.375,0.000) RequestDirectMoveDir=(0.058,-0.998,0.000) Speed=1037.935
LogZZZAnim: [TurnBack][Snapshot] Phase=2 SecondSegment=1 SubState=2 State=2 Gait=2 ShouldMove=1 InputForwardDot=1.000 ActorDesiredDot=1.000 Velocity=1038.73
LogZZZAnim: [MoveDiag][Intent] Frame=48012 MoveInput=(1.000,0.000) ControlRotationYaw=183.33 Forward=(-0.998,-0.058,0.000) Right=(0.058,-0.998,-0.000) DesiredWorldMoveDir=(0.058,-0.998,0.000)
LogZZZAnim: [TurnBack][RotationDiag] Frame=48012 Phase=2 D1=1 Actor=(P0.00 Y-86.67 R0.00) Control=(P358.08 Y183.33 R0.00) VelocityYaw=-86.68 AccelYaw=0.00 Desired=(0.06,-1.00,0.00) CurveDir=(0.00,-1.00,0.00) Requested=(60.28,-1037.63,0.00) Flags[Orient=1 ControllerDesired=0 PawnYaw=0] MeshRel=(P-0.00 Y-90.00 R0.00) MeshComp=(P-0.00 Y-176.67 R-0.00) BoneIndex[Root=176 Bone_Root=1 Bip001=2] BoneCSYaw[Root=180.00 Bone_Root=0.00 Bip001=66.12]
LogZZZAnim: [MoveDiag][RequestDirectMove] Frame=48012 Path=RootMotion TurnBackPhase=2 SecondSegment=1 CurveDirectionSource=RM_VelocityDir CurveDirectionLocal=(0.000,-1.000) DesiredWorldMoveDir=(0.058,-0.998,0.000) RootMotionDelta=(0.000,-24.793,0.000) RequestDirectMoveDir=(0.058,-0.998,0.000) Speed=1039.376
LogZZZAnim: [TurnBack][Snapshot] Phase=2 SecondSegment=1 SubState=2 State=2 Gait=2 ShouldMove=1 InputForwardDot=1.000 ActorDesiredDot=1.000 Velocity=1037.94
LogZZZAnim: [MoveDiag][Intent] Frame=48013 MoveInput=(1.000,0.000) ControlRotationYaw=183.33 Forward=(-0.998,-0.058,0.000) Right=(0.058,-0.998,-0.000) DesiredWorldMoveDir=(0.058,-0.998,0.000)
LogZZZAnim: [TurnBack][RotationDiag] Frame=48013 Phase=2 D1=1 Actor=(P0.00 Y-86.67 R0.00) Control=(P358.08 Y183.33 R0.00) VelocityYaw=-86.68 AccelYaw=0.00 Desired=(0.06,-1.00,0.00) CurveDir=(0.00,-1.00,0.00) Requested=(60.24,-1036.92,0.00) Flags[Orient=1 ControllerDesired=0 PawnYaw=0] MeshRel=(P-0.00 Y-90.00 R0.00) MeshComp=(P-0.00 Y-176.67 R-0.00) BoneIndex[Root=176 Bone_Root=1 Bip001=2] BoneCSYaw[Root=180.00 Bone_Root=0.00 Bip001=66.34]
LogZZZAnim: [MoveDiag][RequestDirectMove] Frame=48013 Path=RootMotion TurnBackPhase=2 SecondSegment=1 CurveDirectionSource=RM_VelocityDir CurveDirectionLocal=(0.000,-1.000) DesiredWorldMoveDir=(0.058,-0.998,0.000) RootMotionDelta=(0.000,-23.527,0.000) RequestDirectMoveDir=(0.058,-0.998,0.000) Speed=1038.665
LogZZZAnim: [TurnBack][Snapshot] Phase=2 SecondSegment=1 SubState=2 State=2 Gait=2 ShouldMove=1 InputForwardDot=1.000 ActorDesiredDot=1.000 Velocity=1039.38
LogZZZAnim: [MoveDiag][Intent] Frame=48014 MoveInput=(1.000,0.000) ControlRotationYaw=183.33 Forward=(-0.998,-0.058,0.000) Right=(0.058,-0.998,-0.000) DesiredWorldMoveDir=(0.058,-0.998,0.000)
LogZZZAnim: [TurnBack][RotationDiag] Frame=48014 Phase=2 D1=1 Actor=(P0.00 Y-86.67 R0.00) Control=(P358.08 Y183.33 R0.00) VelocityYaw=-86.68 AccelYaw=0.00 Desired=(0.06,-1.00,0.00) CurveDir=(0.00,-1.00,0.00) Requested=(60.22,-1036.55,0.00) Flags[Orient=1 ControllerDesired=0 PawnYaw=0] MeshRel=(P-0.00 Y-90.00 R0.00) MeshComp=(P-0.00 Y-176.67 R-0.00) BoneIndex[Root=176 Bone_Root=1 Bip001=2] BoneCSYaw[Root=180.00 Bone_Root=0.00 Bip001=69.58]
LogZZZAnim: [MoveDiag][RequestDirectMove] Frame=48014 Path=RootMotion TurnBackPhase=2 SecondSegment=1 CurveDirectionSource=RM_VelocityDir CurveDirectionLocal=(0.000,-1.000) DesiredWorldMoveDir=(0.058,-0.998,0.000) RootMotionDelta=(0.000,-23.845,0.000) RequestDirectMoveDir=(0.058,-0.998,0.000) Speed=1038.301
LogZZZAnim: [TurnBack][Snapshot] Phase=2 SecondSegment=1 SubState=2 State=2 Gait=2 ShouldMove=1 InputForwardDot=1.000 ActorDesiredDot=1.000 Velocity=1038.66
LogZZZAnim: [MoveDiag][Intent] Frame=48015 MoveInput=(1.000,0.000) ControlRotationYaw=183.33 Forward=(-0.998,-0.058,0.000) Right=(0.058,-0.998,-0.000) DesiredWorldMoveDir=(0.058,-0.998,0.000)
LogZZZAnim: [TurnBack][RotationDiag] Frame=48015 Phase=2 D1=1 Actor=(P0.00 Y-86.67 R0.00) Control=(P358.08 Y183.33 R0.00) VelocityYaw=-86.68 AccelYaw=0.00 Desired=(0.06,-1.00,0.00) CurveDir=(0.00,-1.00,0.00) Requested=(60.23,-1036.75,0.00) Flags[Orient=1 ControllerDesired=0 PawnYaw=0] MeshRel=(P-0.00 Y-90.00 R0.00) MeshComp=(P-0.00 Y-176.67 R-0.00) BoneIndex[Root=176 Bone_Root=1 Bip001=2] BoneCSYaw[Root=180.00 Bone_Root=0.00 Bip001=76.53]
LogZZZAnim: [MoveDiag][RequestDirectMove] Frame=48015 Path=RootMotion TurnBackPhase=2 SecondSegment=1 CurveDirectionSource=RM_VelocityDir CurveDirectionLocal=(0.000,-1.000) DesiredWorldMoveDir=(0.058,-0.998,0.000) RootMotionDelta=(0.000,-31.441,0.000) RequestDirectMoveDir=(0.058,-0.998,0.000) Speed=1038.498
LogZZZAnim: [TurnBack][Snapshot] Phase=2 SecondSegment=1 SubState=2 State=2 Gait=2 ShouldMove=1 InputForwardDot=1.000 ActorDesiredDot=1.000 Velocity=1038.30
LogZZZAnim: [MoveDiag][Intent] Frame=48016 MoveInput=(1.000,0.000) ControlRotationYaw=183.33 Forward=(-0.998,-0.058,0.000) Right=(0.058,-0.998,-0.000) DesiredWorldMoveDir=(0.058,-0.998,0.000)
LogZZZAnim: [TurnBack][RotationDiag] Frame=48016 Phase=2 D1=1 Actor=(P0.00 Y-86.67 R0.00) Control=(P358.08 Y183.33 R0.00) VelocityYaw=-86.68 AccelYaw=0.00 Desired=(0.06,-1.00,0.00) CurveDir=(0.00,-1.00,0.00) Requested=(60.27,-1037.41,0.00) Flags[Orient=1 ControllerDesired=0 PawnYaw=0] MeshRel=(P-0.00 Y-90.00 R0.00) MeshComp=(P-0.00 Y-176.67 R-0.00) BoneIndex[Root=176 Bone_Root=1 Bip001=2] BoneCSYaw[Root=180.00 Bone_Root=0.00 Bip001=84.57]
LogZZZAnim: [MoveDiag][RequestDirectMove] Frame=48016 Path=RootMotion TurnBackPhase=2 SecondSegment=1 CurveDirectionSource=RM_VelocityDir CurveDirectionLocal=(0.000,-1.000) DesiredWorldMoveDir=(0.058,-0.998,0.000) RootMotionDelta=(0.000,-23.519,0.000) RequestDirectMoveDir=(0.058,-0.998,0.000) Speed=1039.156
LogZZZAnim: [TurnBack][Snapshot] Phase=2 SecondSegment=1 SubState=2 State=2 Gait=2 ShouldMove=1 InputForwardDot=1.000 ActorDesiredDot=1.000 Velocity=1038.50
LogZZZAnim: [MoveDiag][Intent] Frame=48017 MoveInput=(1.000,0.000) ControlRotationYaw=183.33 Forward=(-0.998,-0.058,0.000) Right=(0.058,-0.998,-0.000) DesiredWorldMoveDir=(0.058,-0.998,0.000)
LogZZZAnim: [TurnBack][RotationDiag] Frame=48017 Phase=2 D1=1 Actor=(P0.00 Y-86.67 R0.00) Control=(P358.08 Y183.33 R0.00) VelocityYaw=-86.68 AccelYaw=0.00 Desired=(0.06,-1.00,0.00) CurveDir=(0.00,-1.00,0.00) Requested=(60.26,-1037.14,0.00) Flags[Orient=1 ControllerDesired=0 PawnYaw=0] MeshRel=(P-0.00 Y-90.00 R0.00) MeshComp=(P-0.00 Y-176.67 R-0.00) BoneIndex[Root=176 Bone_Root=1 Bip001=2] BoneCSYaw[Root=180.00 Bone_Root=0.00 Bip001=96.10]
LogZZZAnim: [MoveDiag][RequestDirectMove] Frame=48017 Path=RootMotion TurnBackPhase=2 SecondSegment=1 CurveDirectionSource=RM_VelocityDir CurveDirectionLocal=(0.000,-1.000) DesiredWorldMoveDir=(0.058,-0.998,0.000) RootMotionDelta=(0.000,-28.804,0.000) RequestDirectMoveDir=(0.058,-0.998,0.000) Speed=1038.887
LogZZZAnim: [TurnBack][Snapshot] Phase=2 SecondSegment=1 SubState=2 State=2 Gait=2 ShouldMove=1 InputForwardDot=1.000 ActorDesiredDot=1.000 Velocity=1039.16
LogZZZAnim: [MoveDiag][Intent] Frame=48018 MoveInput=(1.000,0.000) ControlRotationYaw=183.33 Forward=(-0.998,-0.058,0.000) Right=(0.058,-0.998,-0.000) DesiredWorldMoveDir=(0.058,-0.998,0.000)
LogZZZAnim: [TurnBack][RotationDiag] Frame=48018 Phase=2 D1=1 Actor=(P0.00 Y-86.67 R0.00) Control=(P358.08 Y183.33 R0.00) VelocityYaw=-86.68 AccelYaw=0.00 Desired=(0.06,-1.00,0.00) CurveDir=(0.00,-1.00,0.00) Requested=(60.21,-1036.42,0.00) Flags[Orient=1 ControllerDesired=0 PawnYaw=0] MeshRel=(P-0.00 Y-90.00 R0.00) MeshComp=(P-0.00 Y-176.67 R-0.00) BoneIndex[Root=176 Bone_Root=1 Bip001=2] BoneCSYaw[Root=180.00 Bone_Root=0.00 Bip001=106.61]
LogZZZAnim: [MoveDiag][RequestDirectMove] Frame=48018 Path=RootMotion TurnBackPhase=2 SecondSegment=1 CurveDirectionSource=RM_VelocityDir CurveDirectionLocal=(0.000,-1.000) DesiredWorldMoveDir=(0.058,-0.998,0.000) RootMotionDelta=(0.000,-22.425,0.000) RequestDirectMoveDir=(0.058,-0.998,0.000) Speed=1038.169
LogZZZAnim: [TurnBack][Snapshot] Phase=2 SecondSegment=1 SubState=2 State=2 Gait=2 ShouldMove=1 InputForwardDot=1.000 ActorDesiredDot=1.000 Velocity=1038.89
LogZZZAnim: [MoveDiag][Intent] Frame=48019 MoveInput=(1.000,0.000) ControlRotationYaw=183.33 Forward=(-0.998,-0.058,0.000) Right=(0.058,-0.998,-0.000) DesiredWorldMoveDir=(0.058,-0.998,0.000)
LogZZZAnim: [TurnBack][RotationDiag] Frame=48019 Phase=2 D1=1 Actor=(P0.00 Y-86.67 R0.00) Control=(P358.08 Y183.33 R0.00) VelocityYaw=-86.68 AccelYaw=0.00 Desired=(0.06,-1.00,0.00) CurveDir=(0.00,-1.00,0.00) Requested=(60.24,-1036.93,0.00) Flags[Orient=1 ControllerDesired=0 PawnYaw=0] MeshRel=(P-0.00 Y-90.00 R0.00) MeshComp=(P-0.00 Y-176.67 R-0.00) BoneIndex[Root=176 Bone_Root=1 Bip001=2] BoneCSYaw[Root=180.00 Bone_Root=0.00 Bip001=115.14]
LogZZZAnim: [MoveDiag][RequestDirectMove] Frame=48019 Path=RootMotion TurnBackPhase=2 SecondSegment=1 CurveDirectionSource=RM_VelocityDir CurveDirectionLocal=(0.000,-1.000) DesiredWorldMoveDir=(0.058,-0.998,0.000) RootMotionDelta=(0.000,-25.934,0.000) RequestDirectMoveDir=(0.058,-0.998,0.000) Speed=1038.683
LogZZZAnim: [TurnBack][Snapshot] Phase=2 SecondSegment=1 SubState=2 State=2 Gait=2 ShouldMove=1 InputForwardDot=1.000 ActorDesiredDot=1.000 Velocity=1038.17
LogZZZAnim: [MoveDiag][Intent] Frame=48020 MoveInput=(1.000,0.000) ControlRotationYaw=183.33 Forward=(-0.998,-0.058,0.000) Right=(0.058,-0.998,-0.000) DesiredWorldMoveDir=(0.058,-0.998,0.000)
LogZZZAnim: [TurnBack][RotationDiag] Frame=48020 Phase=2 D1=1 Actor=(P0.00 Y-86.67 R0.00) Control=(P358.08 Y183.33 R0.00) VelocityYaw=-86.68 AccelYaw=0.00 Desired=(0.06,-1.00,0.00) CurveDir=(0.00,-1.00,0.00) Requested=(60.26,-1037.26,0.00) Flags[Orient=1 ControllerDesired=0 PawnYaw=0] MeshRel=(P-0.00 Y-90.00 R0.00) MeshComp=(P-0.00 Y-176.67 R-0.00) BoneIndex[Root=176 Bone_Root=1 Bip001=2] BoneCSYaw[Root=180.00 Bone_Root=0.00 Bip001=116.58]
LogZZZAnim: [MoveDiag][RequestDirectMove] Frame=48020 Path=RootMotion TurnBackPhase=2 SecondSegment=1 CurveDirectionSource=RM_VelocityDir CurveDirectionLocal=(0.000,-1.000) DesiredWorldMoveDir=(0.058,-0.998,0.000) RootMotionDelta=(0.000,-22.955,0.000) RequestDirectMoveDir=(0.058,-0.998,0.000) Speed=1039.014
LogZZZAnim: [TurnBack][Snapshot] Phase=2 SecondSegment=1 SubState=2 State=2 Gait=2 ShouldMove=1 InputForwardDot=1.000 ActorDesiredDot=1.000 Velocity=1038.68
LogZZZAnim: [MoveDiag][Intent] Frame=48021 MoveInput=(1.000,0.000) ControlRotationYaw=183.33 Forward=(-0.998,-0.058,0.000) Right=(0.058,-0.998,-0.000) DesiredWorldMoveDir=(0.058,-0.998,0.000)
LogZZZAnim: [TurnBack][RotationDiag] Frame=48021 Phase=2 D1=1 Actor=(P0.00 Y-86.67 R0.00) Control=(P358.08 Y183.33 R0.00) VelocityYaw=-86.68 AccelYaw=0.00 Desired=(0.06,-1.00,0.00) CurveDir=(0.00,-1.00,0.00) Requested=(60.22,-1036.53,0.00) Flags[Orient=1 ControllerDesired=0 PawnYaw=0] MeshRel=(P-0.00 Y-90.00 R0.00) MeshComp=(P-0.00 Y-176.67 R-0.00) BoneIndex[Root=176 Bone_Root=1 Bip001=2] BoneCSYaw[Root=180.00 Bone_Root=0.00 Bip001=114.47]
LogZZZAnim: [MoveDiag][RequestDirectMove] Frame=48021 Path=RootMotion TurnBackPhase=2 SecondSegment=1 CurveDirectionSource=RM_VelocityDir CurveDirectionLocal=(0.000,-1.000) DesiredWorldMoveDir=(0.058,-0.998,0.000) RootMotionDelta=(0.000,-22.116,0.000) RequestDirectMoveDir=(0.058,-0.998,0.000) Speed=1038.273
LogZZZAnim: [TurnBack][Snapshot] Phase=2 SecondSegment=1 SubState=2 State=2 Gait=2 ShouldMove=1 InputForwardDot=1.000 ActorDesiredDot=1.000 Velocity=1039.01
LogZZZAnim: [MoveDiag][Intent] Frame=48022 MoveInput=(1.000,0.000) ControlRotationYaw=183.33 Forward=(-0.998,-0.058,0.000) Right=(0.058,-0.998,-0.000) DesiredWorldMoveDir=(0.058,-0.998,0.000)
LogZZZAnim: [TurnBack][RotationDiag] Frame=48022 Phase=2 D1=1 Actor=(P0.00 Y-86.67 R0.00) Control=(P358.08 Y183.33 R0.00) VelocityYaw=-86.68 AccelYaw=0.00 Desired=(0.06,-1.00,0.00) CurveDir=(0.00,-1.00,0.00) Requested=(60.22,-1036.60,0.00) Flags[Orient=1 ControllerDesired=0 PawnYaw=0] MeshRel=(P-0.00 Y-90.00 R0.00) MeshComp=(P-0.00 Y-176.67 R-0.00) BoneIndex[Root=176 Bone_Root=1 Bip001=2] BoneCSYaw[Root=180.00 Bone_Root=0.00 Bip001=107.02]
LogZZZAnim: [MoveDiag][RequestDirectMove] Frame=48022 Path=RootMotion TurnBackPhase=2 SecondSegment=1 CurveDirectionSource=RM_VelocityDir CurveDirectionLocal=(0.000,-1.000) DesiredWorldMoveDir=(0.058,-0.998,0.000) RootMotionDelta=(0.000,-29.790,0.000) RequestDirectMoveDir=(0.058,-0.998,0.000) Speed=1038.348
LogZZZAnim: [TurnBack][Snapshot] Phase=2 SecondSegment=1 SubState=2 State=2 Gait=2 ShouldMove=1 InputForwardDot=1.000 ActorDesiredDot=1.000 Velocity=1038.27
LogZZZAnim: [MoveDiag][Intent] Frame=48023 MoveInput=(1.000,0.000) ControlRotationYaw=183.33 Forward=(-0.998,-0.058,0.000) Right=(0.058,-0.998,-0.000) DesiredWorldMoveDir=(0.058,-0.998,0.000)
LogZZZAnim: [TurnBack][RotationDiag] Frame=48023 Phase=2 D1=1 Actor=(P0.00 Y-86.67 R0.00) Control=(P358.08 Y183.33 R0.00) VelocityYaw=-86.68 AccelYaw=0.00 Desired=(0.06,-1.00,0.00) CurveDir=(0.00,-1.00,0.00) Requested=(60.27,-1037.44,0.00) Flags[Orient=1 ControllerDesired=0 PawnYaw=0] MeshRel=(P-0.00 Y-90.00 R0.00) MeshComp=(P-0.00 Y-176.67 R-0.00) BoneIndex[Root=176 Bone_Root=1 Bip001=2] BoneCSYaw[Root=180.00 Bone_Root=0.00 Bip001=101.87]
LogZZZAnim: [TurnBack][AnimationComplete] RootDelta=(0.000,-20.398) DesiredYaw=-86.68 AnimationTime=2.415/2.400
LogZZZAnim: [MoveDiag][RequestDirectMove] Frame=48023 Path=RootMotion TurnBackPhase=2 SecondSegment=1 CurveDirectionSource=RM_VelocityDir CurveDirectionLocal=(0.000,-1.000) DesiredWorldMoveDir=(0.058,-0.998,0.000) RootMotionDelta=(0.000,-20.398,0.000) RequestDirectMoveDir=(0.058,-0.998,0.000) Speed=1039.192
LogZZZAnim: [TurnBack][Snapshot] Phase=2 SecondSegment=1 SubState=2 State=2 Gait=2 ShouldMove=1 InputForwardDot=1.000 ActorDesiredDot=1.000 Velocity=1038.35
LogZZZAnim: [MoveDiag][Intent] Frame=48024 MoveInput=(1.000,0.000) ControlRotationYaw=183.33 Forward=(-0.998,-0.058,0.000) Right=(0.058,-0.998,-0.000) DesiredWorldMoveDir=(0.058,-0.998,0.000)
LogZZZAnim: [TurnBack][Phase] Released->None Elapsed=2.400 NaturalComplete=1 SecondSegment=1 Interrupted=0 ShouldMove=1
LogZZZAnim: [TurnBack][Phase] None->Frozen ForwardDot=-1.000 EntryYaw=-86.67 InputYaw=93.32 Release=0.170 Duration=2.400
LogZZZAnim: [TurnBack][RotationDiag] Frame=48065 Phase=1 D1=0 Actor=(P0.00 Y-86.67 R0.00) Control=(P358.08 Y183.33 R0.00) VelocityYaw=-86.68 AccelYaw=0.00 Desired=(-0.06,1.00,0.00) CurveDir=(0.00,1.00,0.00) Requested=(0.00,1050.00,0.00) Flags[Orient=1 ControllerDesired=0 PawnYaw=0] MeshRel=(P-0.00 Y-90.00 R0.00) MeshComp=(P-0.00 Y-176.67 R-0.00) BoneIndex[Root=176 Bone_Root=1 Bip001=2] BoneCSYaw[Root=0.00 Bone_Root=0.00 Bip001=69.62]
LogZZZAnim: [MoveDiag][RequestDirectMove] Frame=48065 Path=RootMotion TurnBackPhase=1 SecondSegment=0 CurveDirectionSource=RM_VelocityDir CurveDirectionLocal=(0.000,1.000) DesiredWorldMoveDir=(-0.058,0.998,0.000) RootMotionDelta=(0.000,19.365,0.000) RequestDirectMoveDir=(0.058,-0.998,0.000) Speed=1050.000
LogZZZAnim: [TurnBack][Snapshot] Phase=1 SecondSegment=0 SubState=2 State=2 Gait=2 ShouldMove=1 InputForwardDot=-1.000 ActorDesiredDot=-1.000 Velocity=1050.00
LogZZZAnim: [MoveDiag][Intent] Frame=48066 MoveInput=(-1.000,-0.000) ControlRotationYaw=183.33 Forward=(-0.998,-0.058,0.000) Right=(0.058,-0.998,-0.000) DesiredWorldMoveDir=(-0.058,0.998,0.000)
LogZZZAnim: [TurnBack][RotationDiag] Frame=48066 Phase=1 D1=0 Actor=(P0.00 Y-86.67 R0.00) Control=(P358.08 Y183.33 R0.00) VelocityYaw=-86.67 AccelYaw=0.00 Desired=(-0.06,1.00,0.00) CurveDir=(0.00,1.00,0.00) Requested=(0.00,1061.62,0.00) Flags[Orient=1 ControllerDesired=0 PawnYaw=0] MeshRel=(P-0.00 Y-90.00 R0.00) MeshComp=(P-0.00 Y-176.67 R-0.00) BoneIndex[Root=176 Bone_Root=1 Bip001=2] BoneCSYaw[Root=0.07 Bone_Root=0.00 Bip001=73.75]
LogZZZAnim: [MoveDiag][RequestDirectMove] Frame=48066 Path=RootMotion TurnBackPhase=1 SecondSegment=0 CurveDirectionSource=RM_VelocityDir CurveDirectionLocal=(0.000,1.000) DesiredWorldMoveDir=(-0.058,0.998,0.000) RootMotionDelta=(0.000,16.060,0.000) RequestDirectMoveDir=(0.058,-0.998,0.000) Speed=1061.619
LogZZZAnim: [TurnBack][Snapshot] Phase=1 SecondSegment=0 SubState=2 State=2 Gait=2 ShouldMove=1 InputForwardDot=-1.000 ActorDesiredDot=-1.000 Velocity=1050.00
LogZZZAnim: [MoveDiag][Intent] Frame=48067 MoveInput=(-1.000,-0.000) ControlRotationYaw=183.33 Forward=(-0.998,-0.058,0.000) Right=(0.058,-0.998,-0.000) DesiredWorldMoveDir=(-0.058,0.998,0.000)
LogZZZAnim: [TurnBack][RotationDiag] Frame=48067 Phase=1 D1=0 Actor=(P0.00 Y-86.67 R0.00) Control=(P358.08 Y183.33 R0.00) VelocityYaw=-86.67 AccelYaw=0.00 Desired=(-0.06,1.00,0.00) CurveDir=(0.00,1.00,0.00) Requested=(0.00,1183.97,0.00) Flags[Orient=1 ControllerDesired=0 PawnYaw=0] MeshRel=(P-0.00 Y-90.00 R0.00) MeshComp=(P-0.00 Y-176.67 R-0.00) BoneIndex[Root=176 Bone_Root=1 Bip001=2] BoneCSYaw[Root=1.36 Bone_Root=0.00 Bip001=78.72]
LogZZZAnim: [MoveDiag][RequestDirectMove] Frame=48067 Path=RootMotion TurnBackPhase=1 SecondSegment=0 CurveDirectionSource=RM_VelocityDir CurveDirectionLocal=(0.000,1.000) DesiredWorldMoveDir=(-0.058,0.998,0.000) RootMotionDelta=(0.000,11.341,0.000) RequestDirectMoveDir=(0.058,-0.998,0.000) Speed=1183.974
LogZZZAnim: [TurnBack][Snapshot] Phase=1 SecondSegment=0 SubState=2 State=2 Gait=2 ShouldMove=1 InputForwardDot=-1.000 ActorDesiredDot=-1.000 Velocity=1061.62
LogZZZAnim: [MoveDiag][Intent] Frame=48068 MoveInput=(-1.000,-0.000) ControlRotationYaw=183.33 Forward=(-0.998,-0.058,0.000) Right=(0.058,-0.998,-0.000) DesiredWorldMoveDir=(-0.058,0.998,0.000)
LogZZZAnim: [TurnBack][RotationDiag] Frame=48068 Phase=1 D1=0 Actor=(P0.00 Y-86.67 R0.00) Control=(P358.08 Y183.33 R0.00) VelocityYaw=-86.67 AccelYaw=0.00 Desired=(-0.06,1.00,0.00) CurveDir=(0.00,1.00,0.00) Requested=(0.00,1031.13,0.00) Flags[Orient=1 ControllerDesired=0 PawnYaw=0] MeshRel=(P-0.00 Y-90.00 R0.00) MeshComp=(P-0.00 Y-176.67 R-0.00) BoneIndex[Root=176 Bone_Root=1 Bip001=2] BoneCSYaw[Root=7.31 Bone_Root=0.00 Bip001=88.34]
LogZZZAnim: [MoveDiag][RequestDirectMove] Frame=48068 Path=RootMotion TurnBackPhase=1 SecondSegment=0 CurveDirectionSource=RM_VelocityDir CurveDirectionLocal=(0.000,1.000) DesiredWorldMoveDir=(-0.058,0.998,0.000) RootMotionDelta=(0.000,3.340,0.000) RequestDirectMoveDir=(0.058,-0.998,0.000) Speed=1031.127
LogZZZAnim: [TurnBack][Snapshot] Phase=1 SecondSegment=0 SubState=2 State=2 Gait=2 ShouldMove=1 InputForwardDot=-1.000 ActorDesiredDot=-1.000 Velocity=1117.49
LogZZZAnim: [MoveDiag][Intent] Frame=48069 MoveInput=(-1.000,-0.000) ControlRotationYaw=183.33 Forward=(-0.998,-0.058,0.000) Right=(0.058,-0.998,-0.000) DesiredWorldMoveDir=(-0.058,0.998,0.000)
LogZZZAnim: [TurnBack][RotationDiag] Frame=48069 Phase=1 D1=0 Actor=(P0.00 Y-86.67 R0.00) Control=(P358.08 Y183.33 R0.00) VelocityYaw=-86.67 AccelYaw=0.00 Desired=(-0.06,1.00,0.00) CurveDir=(0.00,0.00,0.00) Requested=(0.00,0.00,0.00) Flags[Orient=1 ControllerDesired=0 PawnYaw=0] MeshRel=(P-0.00 Y-90.00 R0.00) MeshComp=(P-0.00 Y-176.67 R-0.00) BoneIndex[Root=176 Bone_Root=1 Bip001=2] BoneCSYaw[Root=19.10 Bone_Root=0.00 Bip001=107.42]
LogZZZAnim: [MoveDiag][RequestDirectMove] Frame=48069 Path=Locomotion TurnBackPhase=1 SecondSegment=0 CurveDirectionSource=TurnBackD0Fallback CurveDirectionLocal=(0.000,0.000) DesiredWorldMoveDir=(-0.058,0.998,0.000) RootMotionDelta=(0.000,0.000,0.000) RequestDirectMoveDir=(0.058,-0.998,0.000) Speed=936.076
LogZZZAnim: [TurnBack][Snapshot] Phase=1 SecondSegment=0 SubState=2 State=2 Gait=2 ShouldMove=1 InputForwardDot=-1.000 ActorDesiredDot=-1.000 Velocity=1031.13
LogZZZAnim: [MoveDiag][Intent] Frame=48070 MoveInput=(-1.000,-0.000) ControlRotationYaw=183.33 Forward=(-0.998,-0.058,0.000) Right=(0.058,-0.998,-0.000) DesiredWorldMoveDir=(-0.058,0.998,0.000)
LogZZZAnim: [TurnBack][RotationDiag] Frame=48070 Phase=1 D1=0 Actor=(P0.00 Y-86.67 R0.00) Control=(P358.08 Y183.33 R0.00) VelocityYaw=-86.67 AccelYaw=0.00 Desired=(-0.06,1.00,0.00) CurveDir=(0.00,0.00,0.00) Requested=(0.00,0.00,0.00) Flags[Orient=1 ControllerDesired=0 PawnYaw=0] MeshRel=(P-0.00 Y-90.00 R0.00) MeshComp=(P-0.00 Y-176.67 R-0.00) BoneIndex[Root=176 Bone_Root=1 Bip001=2] BoneCSYaw[Root=35.71 Bone_Root=0.00 Bip001=129.45]
LogZZZAnim: [MoveDiag][RequestDirectMove] Frame=48070 Path=Locomotion TurnBackPhase=1 SecondSegment=0 CurveDirectionSource=TurnBackD0Fallback CurveDirectionLocal=(0.000,0.000) DesiredWorldMoveDir=(-0.058,0.998,0.000) RootMotionDelta=(0.000,0.000,0.000) RequestDirectMoveDir=(0.058,-0.998,0.000) Speed=854.653
LogZZZAnim: [TurnBack][Snapshot] Phase=1 SecondSegment=0 SubState=2 State=2 Gait=2 ShouldMove=1 InputForwardDot=-1.000 ActorDesiredDot=-1.000 Velocity=936.08
LogZZZAnim: [MoveDiag][Intent] Frame=48071 MoveInput=(-1.000,-0.000) ControlRotationYaw=183.33 Forward=(-0.998,-0.058,0.000) Right=(0.058,-0.998,-0.000) DesiredWorldMoveDir=(-0.058,0.998,0.000)
LogZZZAnim: [TurnBack][RotationDiag] Frame=48071 Phase=1 D1=0 Actor=(P0.00 Y-86.67 R0.00) Control=(P358.08 Y183.33 R0.00) VelocityYaw=-86.67 AccelYaw=0.00 Desired=(-0.06,1.00,0.00) CurveDir=(0.00,0.00,0.00) Requested=(0.00,0.00,0.00) Flags[Orient=1 ControllerDesired=0 PawnYaw=0] MeshRel=(P-0.00 Y-90.00 R0.00) MeshComp=(P-0.00 Y-176.67 R-0.00) BoneIndex[Root=176 Bone_Root=1 Bip001=2] BoneCSYaw[Root=53.15 Bone_Root=0.00 Bip001=141.02]
LogZZZAnim: [MoveDiag][RequestDirectMove] Frame=48071 Path=Locomotion TurnBackPhase=1 SecondSegment=0 CurveDirectionSource=TurnBackD0Fallback CurveDirectionLocal=(0.000,0.000) DesiredWorldMoveDir=(-0.058,0.998,0.000) RootMotionDelta=(0.000,0.000,0.000) RequestDirectMoveDir=(0.058,-0.998,0.000) Speed=823.667
LogZZZAnim: [TurnBack][Snapshot] Phase=1 SecondSegment=0 SubState=2 State=2 Gait=2 ShouldMove=1 InputForwardDot=-1.000 ActorDesiredDot=-1.000 Velocity=854.65
LogZZZAnim: [MoveDiag][Intent] Frame=48072 MoveInput=(-1.000,-0.000) ControlRotationYaw=183.33 Forward=(-0.998,-0.058,0.000) Right=(0.058,-0.998,-0.000) DesiredWorldMoveDir=(-0.058,0.998,0.000)
LogZZZAnim: [TurnBack][RotationDiag] Frame=48072 Phase=1 D1=0 Actor=(P0.00 Y-86.67 R0.00) Control=(P358.08 Y183.33 R0.00) VelocityYaw=-86.67 AccelYaw=0.00 Desired=(-0.06,1.00,0.00) CurveDir=(0.00,0.00,0.00) Requested=(0.00,0.00,0.00) Flags[Orient=1 ControllerDesired=0 PawnYaw=0] MeshRel=(P-0.00 Y-90.00 R0.00) MeshComp=(P-0.00 Y-176.67 R-0.00) BoneIndex[Root=176 Bone_Root=1 Bip001=2] BoneCSYaw[Root=76.54 Bone_Root=0.00 Bip001=109.37]
LogZZZAnim: [MoveDiag][RequestDirectMove] Frame=48072 Path=Locomotion TurnBackPhase=1 SecondSegment=0 CurveDirectionSource=TurnBackD0Fallback CurveDirectionLocal=(0.000,0.000) DesiredWorldMoveDir=(-0.058,0.998,0.000) RootMotionDelta=(0.000,0.000,0.000) RequestDirectMoveDir=(0.058,-0.998,0.000) Speed=857.704
LogZZZAnim: [TurnBack][Snapshot] Phase=1 SecondSegment=0 SubState=2 State=2 Gait=2 ShouldMove=1 InputForwardDot=-1.000 ActorDesiredDot=-1.000 Velocity=823.67
LogZZZAnim: [MoveDiag][Intent] Frame=48073 MoveInput=(-1.000,-0.000) ControlRotationYaw=183.33 Forward=(-0.998,-0.058,0.000) Right=(0.058,-0.998,-0.000) DesiredWorldMoveDir=(-0.058,0.998,0.000)
LogZZZAnim: [TurnBack][Phase] Frozen->Released Elapsed=0.182 ReleaseTime=0.170
LogZZZAnim: [TurnBack][ActorYaw] Phase=2 D1=0 RMYawDelta=129.708 ActorYaw=43.033
LogZZZAnim: [TurnBack][RotationDiag] Frame=48073 Phase=2 D1=0 Actor=(P0.00 Y43.03 R-0.00) Control=(P358.08 Y183.33 R0.00) VelocityYaw=-86.67 AccelYaw=0.00 Desired=(-0.06,1.00,0.00) CurveDir=(0.00,1.00,0.00) Requested=(0.00,1053.00,0.00) Flags[Orient=1 ControllerDesired=0 PawnYaw=0] MeshRel=(P-0.00 Y-90.00 R0.00) MeshComp=(P-0.00 Y-46.97 R-0.00) BoneIndex[Root=176 Bone_Root=1 Bip001=2] BoneCSYaw[Root=108.38 Bone_Root=0.00 Bip001=-7.33]
LogZZZAnim: [MoveDiag][RequestDirectMove] Frame=48073 Path=RootMotion TurnBackPhase=2 SecondSegment=0 CurveDirectionSource=RM_VelocityDir CurveDirectionLocal=(0.000,1.000) DesiredWorldMoveDir=(-0.058,0.998,0.000) RootMotionDelta=(0.000,8.776,0.000) RequestDirectMoveDir=(0.058,-0.998,0.000) Speed=1052.998
LogZZZAnim: [TurnBack][Snapshot] Phase=2 SecondSegment=0 SubState=2 State=2 Gait=2 ShouldMove=1 InputForwardDot=0.639 ActorDesiredDot=0.639 Velocity=857.70
LogZZZAnim: [MoveDiag][Intent] Frame=48074 MoveInput=(-1.000,-0.000) ControlRotationYaw=183.33 Forward=(-0.998,-0.058,0.000) Right=(0.058,-0.998,-0.000) DesiredWorldMoveDir=(-0.058,0.998,0.000)
LogZZZAnim: [TurnBack][ActorYaw] Phase=2 D1=0 RMYawDelta=3.894 ActorYaw=38.850
LogZZZAnim: [TurnBack][RotationDiag] Frame=48074 Phase=2 D1=0 Actor=(P0.00 Y38.85 R-0.00) Control=(P358.08 Y183.33 R0.00) VelocityYaw=-86.67 AccelYaw=0.00 Desired=(-0.06,1.00,0.00) CurveDir=(0.00,1.00,0.00) Requested=(0.00,1255.38,0.00) Flags[Orient=1 ControllerDesired=0 PawnYaw=0] MeshRel=(P-0.00 Y-90.00 R0.00) MeshComp=(P-0.00 Y-51.15 R-0.00) BoneIndex[Root=176 Bone_Root=1 Bip001=2] BoneCSYaw[Root=126.77 Bone_Root=0.00 Bip001=10.75]
LogZZZAnim: [MoveDiag][RequestDirectMove] Frame=48074 Path=RootMotion TurnBackPhase=2 SecondSegment=0 CurveDirectionSource=RM_VelocityDir CurveDirectionLocal=(0.000,1.000) DesiredWorldMoveDir=(-0.058,0.998,0.000) RootMotionDelta=(0.000,21.357,0.000) RequestDirectMoveDir=(0.058,-0.998,0.000) Speed=1255.376
LogZZZAnim: [TurnBack][Snapshot] Phase=2 SecondSegment=0 SubState=2 State=2 Gait=2 ShouldMove=1 InputForwardDot=0.581 ActorDesiredDot=0.581 Velocity=899.06
LogZZZAnim: [MoveDiag][Intent] Frame=48075 MoveInput=(-1.000,-0.000) ControlRotationYaw=183.33 Forward=(-0.998,-0.058,0.000) Right=(0.058,-0.998,-0.000) DesiredWorldMoveDir=(-0.058,0.998,0.000)
LogZZZAnim: [TurnBack][RotationDiag] Frame=48075 Phase=2 D1=0 Actor=(P0.00 Y30.10 R-0.00) Control=(P358.08 Y183.33 R0.00) VelocityYaw=-86.67 AccelYaw=0.00 Desired=(-0.06,1.00,0.00) CurveDir=(0.00,1.00,0.00) Requested=(0.00,1410.44,0.00) Flags[Orient=1 ControllerDesired=0 PawnYaw=0] MeshRel=(P-0.00 Y-90.00 R0.00) MeshComp=(P-0.00 Y-59.90 R-0.00) BoneIndex[Root=176 Bone_Root=1 Bip001=2] BoneCSYaw[Root=143.01 Bone_Root=0.00 Bip001=35.47]
LogZZZAnim: [MoveDiag][RequestDirectMove] Frame=48075 Path=RootMotion TurnBackPhase=2 SecondSegment=0 CurveDirectionSource=RM_VelocityDir CurveDirectionLocal=(0.000,1.000) DesiredWorldMoveDir=(-0.058,0.998,0.000) RootMotionDelta=(0.000,30.602,0.000) RequestDirectMoveDir=(0.058,-0.998,0.000) Speed=1410.438
LogZZZAnim: [TurnBack][Snapshot] Phase=2 SecondSegment=0 SubState=2 State=2 Gait=2 ShouldMove=1 InputForwardDot=0.451 ActorDesiredDot=0.451 Velocity=943.84
LogZZZAnim: [MoveDiag][Intent] Frame=48076 MoveInput=(-1.000,-0.000) ControlRotationYaw=183.33 Forward=(-0.998,-0.058,0.000) Right=(0.058,-0.998,-0.000) DesiredWorldMoveDir=(-0.058,0.998,0.000)
LogZZZAnim: [TurnBack][RotationDiag] Frame=48076 Phase=2 D1=0 Actor=(P0.00 Y22.15 R-0.00) Control=(P358.08 Y183.33 R0.00) VelocityYaw=-86.67 AccelYaw=0.00 Desired=(-0.06,1.00,0.00) CurveDir=(0.00,1.00,0.00) Requested=(0.00,1500.51,0.00) Flags[Orient=1 ControllerDesired=0 PawnYaw=0] MeshRel=(P-0.00 Y-90.00 R0.00) MeshComp=(P-0.00 Y-67.85 R-0.00) BoneIndex[Root=176 Bone_Root=1 Bip001=2] BoneCSYaw[Root=156.00 Bone_Root=0.00 Bip001=58.54]
LogZZZAnim: [MoveDiag][RequestDirectMove] Frame=48076 Path=RootMotion TurnBackPhase=2 SecondSegment=0 CurveDirectionSource=RM_VelocityDir CurveDirectionLocal=(0.000,1.000) DesiredWorldMoveDir=(-0.058,0.998,0.000) RootMotionDelta=(0.000,29.704,0.000) RequestDirectMoveDir=(0.058,-0.998,0.000) Speed=1500.513
LogZZZAnim: [TurnBack][Snapshot] Phase=2 SecondSegment=0 SubState=2 State=2 Gait=2 ShouldMove=1 InputForwardDot=0.323 ActorDesiredDot=0.323 Velocity=984.56
LogZZZAnim: [MoveDiag][Intent] Frame=48077 MoveInput=(-1.000,-0.000) ControlRotationYaw=183.33 Forward=(-0.998,-0.058,0.000) Right=(0.058,-0.998,-0.000) DesiredWorldMoveDir=(-0.058,0.998,0.000)
LogZZZAnim: [TurnBack][RotationDiag] Frame=48077 Phase=2 D1=0 Actor=(P0.00 Y11.81 R-0.00) Control=(P358.08 Y183.33 R0.00) VelocityYaw=-86.67 AccelYaw=0.00 Desired=(-0.06,1.00,0.00) CurveDir=(0.00,1.00,0.00) Requested=(0.00,1540.87,0.00) Flags[Orient=1 ControllerDesired=0 PawnYaw=0] MeshRel=(P-0.00 Y-90.00 R0.00) MeshComp=(P-0.00 Y-78.19 R-0.00) BoneIndex[Root=176 Bone_Root=1 Bip001=2] BoneCSYaw[Root=169.36 Bone_Root=0.00 Bip001=88.46]
LogZZZAnim: [MoveDiag][RequestDirectMove] Frame=48077 Path=RootMotion TurnBackPhase=2 SecondSegment=0 CurveDirectionSource=RM_VelocityDir CurveDirectionLocal=(0.000,1.000) DesiredWorldMoveDir=(-0.058,0.998,0.000) RootMotionDelta=(0.000,39.731,0.000) RequestDirectMoveDir=(0.058,-0.998,0.000) Speed=1540.870
LogZZZAnim: [TurnBack][Snapshot] Phase=2 SecondSegment=0 SubState=2 State=2 Gait=2 ShouldMove=1 InputForwardDot=0.148 ActorDesiredDot=0.148 Velocity=1037.50
LogZZZAnim: [MoveDiag][Intent] Frame=48078 MoveInput=(-1.000,-0.000) ControlRotationYaw=183.33 Forward=(-0.998,-0.058,0.000) Right=(0.058,-0.998,-0.000) DesiredWorldMoveDir=(-0.058,0.998,0.000)
LogZZZAnim: [TurnBack][RotationDiag] Frame=48078 Phase=2 D1=0 Actor=(P0.00 Y2.38 R-0.00) Control=(P358.08 Y183.33 R0.00) VelocityYaw=-86.67 AccelYaw=0.00 Desired=(-0.06,1.00,0.00) CurveDir=(0.00,1.00,0.00) Requested=(0.00,1500.83,0.00) Flags[Orient=1 ControllerDesired=0 PawnYaw=0] MeshRel=(P-0.00 Y-90.00 R0.00) MeshComp=(P-0.00 Y-87.62 R-0.00) BoneIndex[Root=176 Bone_Root=1 Bip001=2] BoneCSYaw[Root=177.04 Bone_Root=0.00 Bip001=115.93]
LogZZZAnim: [MoveDiag][RequestDirectMove] Frame=48078 Path=RootMotion TurnBackPhase=2 SecondSegment=0 CurveDirectionSource=RM_VelocityDir CurveDirectionLocal=(0.000,1.000) DesiredWorldMoveDir=(-0.058,0.998,0.000) RootMotionDelta=(0.000,35.609,0.000) RequestDirectMoveDir=(0.058,-0.998,0.000) Speed=1500.829
LogZZZAnim: [TurnBack][Snapshot] Phase=2 SecondSegment=0 SubState=2 State=2 Gait=2 ShouldMove=1 InputForwardDot=-0.017 ActorDesiredDot=-0.017 Velocity=1085.80
LogZZZAnim: [MoveDiag][Intent] Frame=48079 MoveInput=(-1.000,-0.000) ControlRotationYaw=183.33 Forward=(-0.998,-0.058,0.000) Right=(0.058,-0.998,-0.000) DesiredWorldMoveDir=(-0.058,0.998,0.000)
LogZZZAnim: [TurnBack][RotationDiag] Frame=48079 Phase=2 D1=0 Actor=(P0.00 Y-6.32 R0.00) Control=(P358.08 Y183.33 R0.00) VelocityYaw=-86.67 AccelYaw=0.00 Desired=(-0.06,1.00,0.00) CurveDir=(0.00,1.00,0.00) Requested=(0.00,1403.94,0.00) Flags[Orient=1 ControllerDesired=0 PawnYaw=0] MeshRel=(P-0.00 Y-90.00 R0.00) MeshComp=(P-0.00 Y-96.32 R-0.00) BoneIndex[Root=176 Bone_Root=1 Bip001=2] BoneCSYaw[Root=179.91 Bone_Root=0.00 Bip001=139.58]
LogZZZAnim: [MoveDiag][RequestDirectMove] Frame=48079 Path=RootMotion TurnBackPhase=2 SecondSegment=0 CurveDirectionSource=RM_VelocityDir CurveDirectionLocal=(0.000,1.000) DesiredWorldMoveDir=(-0.058,0.998,0.000) RootMotionDelta=(0.000,30.937,0.000) RequestDirectMoveDir=(0.058,-0.998,0.000) Speed=1403.945
LogZZZAnim: [TurnBack][Snapshot] Phase=2 SecondSegment=0 SubState=2 State=2 Gait=2 ShouldMove=1 InputForwardDot=-0.168 ActorDesiredDot=-0.168 Velocity=1130.34
LogZZZAnim: [MoveDiag][Intent] Frame=48080 MoveInput=(-1.000,-0.000) ControlRotationYaw=183.33 Forward=(-0.998,-0.058,0.000) Right=(0.058,-0.998,-0.000) DesiredWorldMoveDir=(-0.058,0.998,0.000)
LogZZZAnim: [TurnBack][RotationDiag] Frame=48080 Phase=2 D1=0 Actor=(P0.00 Y-15.04 R0.00) Control=(P358.08 Y183.33 R0.00) VelocityYaw=-86.67 AccelYaw=0.00 Desired=(-0.06,1.00,0.00) CurveDir=(0.00,1.00,0.00) Requested=(0.00,1390.66,0.00) Flags[Orient=1 ControllerDesired=0 PawnYaw=0] MeshRel=(P-0.00 Y-90.00 R0.00) MeshComp=(P-0.00 Y-105.04 R-0.00) BoneIndex[Root=176 Bone_Root=1 Bip001=2] BoneCSYaw[Root=180.00 Bone_Root=0.00 Bip001=157.31]
LogZZZAnim: [MoveDiag][RequestDirectMove] Frame=48080 Path=RootMotion TurnBackPhase=2 SecondSegment=0 CurveDirectionSource=RM_VelocityDir CurveDirectionLocal=(0.000,1.000) DesiredWorldMoveDir=(-0.058,0.998,0.000) RootMotionDelta=(0.000,30.290,0.000) RequestDirectMoveDir=(0.058,-0.998,0.000) Speed=1390.659
LogZZZAnim: [TurnBack][Snapshot] Phase=2 SecondSegment=0 SubState=2 State=2 Gait=2 ShouldMove=1 InputForwardDot=-0.315 ActorDesiredDot=-0.315 Velocity=1175.00
LogZZZAnim: [MoveDiag][Intent] Frame=48081 MoveInput=(-1.000,-0.000) ControlRotationYaw=183.33 Forward=(-0.998,-0.058,0.000) Right=(0.058,-0.998,-0.000) DesiredWorldMoveDir=(-0.058,0.998,0.000)
LogZZZAnim: [TurnBack][RotationDiag] Frame=48081 Phase=2 D1=0 Actor=(P0.00 Y-25.96 R0.00) Control=(P358.08 Y183.33 R0.00) VelocityYaw=-86.67 AccelYaw=0.00 Desired=(-0.06,1.00,0.00) CurveDir=(0.00,1.00,0.00) Requested=(0.00,1425.77,0.00) Flags[Orient=1 ControllerDesired=0 PawnYaw=0] MeshRel=(P-0.00 Y-90.00 R0.00) MeshComp=(P-0.00 Y-115.96 R-0.00) BoneIndex[Root=176 Bone_Root=1 Bip001=2] BoneCSYaw[Root=180.00 Bone_Root=0.00 Bip001=169.79]
LogZZZAnim: [MoveDiag][RequestDirectMove] Frame=48081 Path=RootMotion TurnBackPhase=2 SecondSegment=0 CurveDirectionSource=RM_VelocityDir CurveDirectionLocal=(0.000,1.000) DesiredWorldMoveDir=(-0.058,0.998,0.000) RootMotionDelta=(0.000,38.867,0.000) RequestDirectMoveDir=(0.058,-0.998,0.000) Speed=1425.770
LogZZZAnim: [TurnBack][Snapshot] Phase=2 SecondSegment=0 SubState=2 State=2 Gait=2 ShouldMove=1 InputForwardDot=-0.489 ActorDesiredDot=-0.489 Velocity=1230.88
LogZZZAnim: [MoveDiag][Intent] Frame=48082 MoveInput=(-1.000,-0.000) ControlRotationYaw=183.33 Forward=(-0.998,-0.058,0.000) Right=(0.058,-0.998,-0.000) DesiredWorldMoveDir=(-0.058,0.998,0.000)
LogZZZAnim: [TurnBack][RotationDiag] Frame=48082 Phase=2 D1=0 Actor=(P0.00 Y-35.56 R0.00) Control=(P358.08 Y183.33 R0.00) VelocityYaw=-86.67 AccelYaw=0.00 Desired=(-0.06,1.00,0.00) CurveDir=(0.00,1.00,0.00) Requested=(0.00,1362.39,0.00) Flags[Orient=1 ControllerDesired=0 PawnYaw=0] MeshRel=(P-0.00 Y-90.00 R0.00) MeshComp=(P-0.00 Y-125.56 R-0.00) BoneIndex[Root=176 Bone_Root=1 Bip001=2] BoneCSYaw[Root=180.00 Bone_Root=0.00 Bip001=175.18]
LogZZZAnim: [MoveDiag][RequestDirectMove] Frame=48082 Path=RootMotion TurnBackPhase=2 SecondSegment=0 CurveDirectionSource=RM_VelocityDir CurveDirectionLocal=(0.000,1.000) DesiredWorldMoveDir=(-0.058,0.998,0.000) RootMotionDelta=(0.000,32.973,0.000) RequestDirectMoveDir=(0.058,-0.998,0.000) Speed=1362.392
LogZZZAnim: [TurnBack][Snapshot] Phase=2 SecondSegment=0 SubState=2 State=2 Gait=2 ShouldMove=1 InputForwardDot=-0.628 ActorDesiredDot=-0.628 Velocity=1280.05
LogZZZAnim: [MoveDiag][Intent] Frame=48083 MoveInput=(-1.000,-0.000) ControlRotationYaw=183.33 Forward=(-0.998,-0.058,0.000) Right=(0.058,-0.998,-0.000) DesiredWorldMoveDir=(-0.058,0.998,0.000)
LogZZZAnim: [TurnBack][RotationDiag] Frame=48083 Phase=2 D1=0 Actor=(P0.00 Y-46.30 R0.00) Control=(P358.08 Y183.33 R0.00) VelocityYaw=-86.67 AccelYaw=0.00 Desired=(-0.06,1.00,0.00) CurveDir=(0.00,1.00,0.00) Requested=(0.00,1198.99,0.00) Flags[Orient=1 ControllerDesired=0 PawnYaw=0] MeshRel=(P-0.00 Y-90.00 R0.00) MeshComp=(P-0.00 Y-136.30 R-0.00) BoneIndex[Root=176 Bone_Root=1 Bip001=2] BoneCSYaw[Root=180.00 Bone_Root=0.00 Bip001=179.33]
LogZZZAnim: [MoveDiag][RequestDirectMove] Frame=48083 Path=RootMotion TurnBackPhase=2 SecondSegment=0 CurveDirectionSource=RM_VelocityDir CurveDirectionLocal=(0.000,1.000) DesiredWorldMoveDir=(-0.058,0.998,0.000) RootMotionDelta=(0.000,33.299,0.000) RequestDirectMoveDir=(0.058,-0.998,0.000) Speed=1198.990
LogZZZAnim: [TurnBack][Snapshot] Phase=2 SecondSegment=0 SubState=2 State=2 Gait=2 ShouldMove=1 InputForwardDot=-0.762 ActorDesiredDot=-0.762 Velocity=1335.01
LogZZZAnim: [MoveDiag][Intent] Frame=48084 MoveInput=(-1.000,-0.000) ControlRotationYaw=183.33 Forward=(-0.998,-0.058,0.000) Right=(0.058,-0.998,-0.000) DesiredWorldMoveDir=(-0.058,0.998,0.000)
LogZZZAnim: [TurnBack][RotationDiag] Frame=48084 Phase=2 D1=0 Actor=(P0.00 Y-57.22 R0.00) Control=(P358.08 Y183.33 R0.00) VelocityYaw=-86.67 AccelYaw=0.00 Desired=(-0.06,1.00,0.00) CurveDir=(0.00,1.00,0.00) Requested=(0.00,919.61,0.00) Flags[Orient=1 ControllerDesired=0 PawnYaw=0] MeshRel=(P-0.00 Y-90.00 R0.00) MeshComp=(P-0.00 Y-147.22 R-0.00) BoneIndex[Root=176 Bone_Root=1 Bip001=2] BoneCSYaw[Root=180.00 Bone_Root=0.00 Bip001=179.77]
LogZZZAnim: [MoveDiag][RequestDirectMove] Frame=48084 Path=RootMotion TurnBackPhase=2 SecondSegment=0 CurveDirectionSource=RM_VelocityDir CurveDirectionLocal=(0.000,1.000) DesiredWorldMoveDir=(-0.058,0.998,0.000) RootMotionDelta=(0.000,26.501,0.000) RequestDirectMoveDir=(0.058,-0.998,0.000) Speed=919.606
LogZZZAnim: [TurnBack][Snapshot] Phase=2 SecondSegment=0 SubState=2 State=2 Gait=2 ShouldMove=1 InputForwardDot=-0.871 ActorDesiredDot=-0.871 Velocity=1198.99
LogZZZAnim: [MoveDiag][Intent] Frame=48085 MoveInput=(-1.000,-0.000) ControlRotationYaw=183.33 Forward=(-0.998,-0.058,0.000) Right=(0.058,-0.998,-0.000) DesiredWorldMoveDir=(-0.058,0.998,0.000)
LogZZZAnim: [TurnBack][RotationDiag] Frame=48085 Phase=2 D1=0 Actor=(P0.00 Y-65.79 R0.00) Control=(P358.08 Y183.33 R0.00) VelocityYaw=-86.67 AccelYaw=0.00 Desired=(-0.06,1.00,0.00) CurveDir=(0.00,1.00,0.00) Requested=(0.00,683.38,0.00) Flags[Orient=1 ControllerDesired=0 PawnYaw=0] MeshRel=(P-0.00 Y-90.00 R0.00) MeshComp=(P-0.00 Y-155.79 R-0.00) BoneIndex[Root=176 Bone_Root=1 Bip001=2] BoneCSYaw[Root=180.00 Bone_Root=0.00 Bip001=178.37]
LogZZZAnim: [MoveDiag][RequestDirectMove] Frame=48085 Path=RootMotion TurnBackPhase=2 SecondSegment=0 CurveDirectionSource=RM_VelocityDir CurveDirectionLocal=(0.000,1.000) DesiredWorldMoveDir=(-0.058,0.998,0.000) RootMotionDelta=(0.000,15.368,0.000) RequestDirectMoveDir=(0.058,-0.998,0.000) Speed=683.377
LogZZZAnim: [TurnBack][Snapshot] Phase=2 SecondSegment=0 SubState=2 State=2 Gait=2 ShouldMove=1 InputForwardDot=-0.934 ActorDesiredDot=-0.934 Velocity=919.61
LogZZZAnim: [MoveDiag][Intent] Frame=48086 MoveInput=(-1.000,-0.000) ControlRotationYaw=183.33 Forward=(-0.998,-0.058,0.000) Right=(0.058,-0.998,-0.000) DesiredWorldMoveDir=(-0.058,0.998,0.000)
LogZZZAnim: [TurnBack][RotationDiag] Frame=48086 Phase=2 D1=0 Actor=(P0.00 Y-76.20 R0.00) Control=(P358.08 Y183.33 R0.00) VelocityYaw=-86.67 AccelYaw=0.00 Desired=(-0.06,1.00,0.00) CurveDir=(0.00,1.00,0.00) Requested=(0.00,501.59,0.00) Flags[Orient=1 ControllerDesired=0 PawnYaw=0] MeshRel=(P-0.00 Y-90.00 R0.00) MeshComp=(P-0.00 Y-166.20 R-0.00) BoneIndex[Root=176 Bone_Root=1 Bip001=2] BoneCSYaw[Root=180.00 Bone_Root=0.00 Bip001=176.09]
LogZZZAnim: [MoveDiag][RequestDirectMove] Frame=48086 Path=RootMotion TurnBackPhase=2 SecondSegment=0 CurveDirectionSource=RM_VelocityDir CurveDirectionLocal=(0.000,1.000) DesiredWorldMoveDir=(-0.058,0.998,0.000) RootMotionDelta=(0.000,13.707,0.000) RequestDirectMoveDir=(0.058,-0.998,0.000) Speed=501.585
LogZZZAnim: [TurnBack][Snapshot] Phase=2 SecondSegment=0 SubState=2 State=2 Gait=2 ShouldMove=1 InputForwardDot=-0.983 ActorDesiredDot=-0.983 Velocity=683.38
LogZZZAnim: [MoveDiag][Intent] Frame=48087 MoveInput=(-1.000,-0.000) ControlRotationYaw=183.33 Forward=(-0.998,-0.058,0.000) Right=(0.058,-0.998,-0.000) DesiredWorldMoveDir=(-0.058,0.998,0.000)
LogZZZAnim: [TurnBack][RotationDiag] Frame=48087 Phase=2 D1=0 Actor=(P0.00 Y-85.86 R0.00) Control=(P358.08 Y183.33 R0.00) VelocityYaw=-86.67 AccelYaw=0.00 Desired=(-0.06,1.00,0.00) CurveDir=(0.00,1.00,0.00) Requested=(0.00,373.51,0.00) Flags[Orient=1 ControllerDesired=0 PawnYaw=0] MeshRel=(P-0.00 Y-90.00 R0.00) MeshComp=(P-0.00 Y-175.86 R-0.00) BoneIndex[Root=176 Bone_Root=1 Bip001=2] BoneCSYaw[Root=180.00 Bone_Root=0.00 Bip001=174.22]
LogZZZAnim: [MoveDiag][RequestDirectMove] Frame=48087 Path=RootMotion TurnBackPhase=2 SecondSegment=0 CurveDirectionSource=RM_VelocityDir CurveDirectionLocal=(0.000,1.000) DesiredWorldMoveDir=(-0.058,0.998,0.000) RootMotionDelta=(0.000,9.554,0.000) RequestDirectMoveDir=(0.058,-0.998,0.000) Speed=373.509
LogZZZAnim: [TurnBack][Snapshot] Phase=2 SecondSegment=0 SubState=2 State=2 Gait=2 ShouldMove=1 InputForwardDot=-1.000 ActorDesiredDot=-1.000 Velocity=501.59
LogZZZAnim: [MoveDiag][Intent] Frame=48088 MoveInput=(-1.000,-0.000) ControlRotationYaw=183.33 Forward=(-0.998,-0.058,0.000) Right=(0.058,-0.998,-0.000) DesiredWorldMoveDir=(-0.058,0.998,0.000)
LogZZZAnim: [TurnBack][RotationDiag] Frame=48088 Phase=2 D1=0 Actor=(P0.00 Y-86.67 R0.00) Control=(P358.08 Y183.33 R0.00) VelocityYaw=-86.67 AccelYaw=0.00 Desired=(-0.06,1.00,0.00) CurveDir=(0.00,1.00,0.00) Requested=(0.00,283.47,0.00) Flags[Orient=1 ControllerDesired=0 PawnYaw=0] MeshRel=(P-0.00 Y-90.00 R0.00) MeshComp=(P-0.00 Y-176.67 R-0.00) BoneIndex[Root=176 Bone_Root=1 Bip001=2] BoneCSYaw[Root=180.00 Bone_Root=0.00 Bip001=171.38]
LogZZZAnim: [MoveDiag][RequestDirectMove] Frame=48088 Path=RootMotion TurnBackPhase=2 SecondSegment=0 CurveDirectionSource=RM_VelocityDir CurveDirectionLocal=(0.000,1.000) DesiredWorldMoveDir=(-0.058,0.998,0.000) RootMotionDelta=(0.000,7.217,0.000) RequestDirectMoveDir=(0.058,-0.998,0.000) Speed=283.472
LogZZZAnim: [TurnBack][Snapshot] Phase=2 SecondSegment=0 SubState=2 State=2 Gait=2 ShouldMove=1 InputForwardDot=-1.000 ActorDesiredDot=-1.000 Velocity=373.51
LogZZZAnim: [MoveDiag][Intent] Frame=48089 MoveInput=(-1.000,-0.000) ControlRotationYaw=183.33 Forward=(-0.998,-0.058,0.000) Right=(0.058,-0.998,-0.000) DesiredWorldMoveDir=(-0.058,0.998,0.000)
LogZZZAnim: [TurnBack][RotationDiag] Frame=48089 Phase=2 D1=0 Actor=(P0.00 Y-86.67 R0.00) Control=(P358.08 Y183.33 R0.00) VelocityYaw=-86.67 AccelYaw=0.00 Desired=(-0.06,1.00,0.00) CurveDir=(0.00,1.00,0.00) Requested=(0.00,236.53,0.00) Flags[Orient=1 ControllerDesired=0 PawnYaw=0] MeshRel=(P-0.00 Y-90.00 R0.00) MeshComp=(P-0.00 Y-176.67 R-0.00) BoneIndex[Root=176 Bone_Root=1 Bip001=2] BoneCSYaw[Root=180.00 Bone_Root=0.00 Bip001=169.00]
LogZZZAnim: [MoveDiag][RequestDirectMove] Frame=48089 Path=RootMotion TurnBackPhase=2 SecondSegment=0 CurveDirectionSource=RM_VelocityDir CurveDirectionLocal=(0.000,1.000) DesiredWorldMoveDir=(-0.058,0.998,0.000) RootMotionDelta=(0.000,4.806,0.000) RequestDirectMoveDir=(0.058,-0.998,0.000) Speed=236.529
LogZZZAnim: [TurnBack][Snapshot] Phase=2 SecondSegment=0 SubState=2 State=2 Gait=2 ShouldMove=1 InputForwardDot=-1.000 ActorDesiredDot=-1.000 Velocity=283.47
LogZZZAnim: [MoveDiag][Intent] Frame=48090 MoveInput=(-1.000,-0.000) ControlRotationYaw=183.33 Forward=(-0.998,-0.058,0.000) Right=(0.058,-0.998,-0.000) DesiredWorldMoveDir=(-0.058,0.998,0.000)
LogZZZAnim: [TurnBack][RotationDiag] Frame=48090 Phase=2 D1=0 Actor=(P0.00 Y-86.67 R0.00) Control=(P358.08 Y183.33 R0.00) VelocityYaw=-86.67 AccelYaw=0.00 Desired=(-0.06,1.00,0.00) CurveDir=(0.00,1.00,0.00) Requested=(0.00,212.60,0.00) Flags[Orient=1 ControllerDesired=0 PawnYaw=0] MeshRel=(P-0.00 Y-90.00 R0.00) MeshComp=(P-0.00 Y-176.67 R-0.00) BoneIndex[Root=176 Bone_Root=1 Bip001=2] BoneCSYaw[Root=180.00 Bone_Root=0.00 Bip001=167.17]
LogZZZAnim: [MoveDiag][RequestDirectMove] Frame=48090 Path=RootMotion TurnBackPhase=2 SecondSegment=0 CurveDirectionSource=RM_VelocityDir CurveDirectionLocal=(0.000,1.000) DesiredWorldMoveDir=(-0.058,0.998,0.000) RootMotionDelta=(0.000,5.081,0.000) RequestDirectMoveDir=(0.058,-0.998,0.000) Speed=212.596
LogZZZAnim: [TurnBack][Snapshot] Phase=2 SecondSegment=0 SubState=2 State=2 Gait=2 ShouldMove=1 InputForwardDot=-1.000 ActorDesiredDot=-1.000 Velocity=236.53
LogZZZAnim: [MoveDiag][Intent] Frame=48091 MoveInput=(-1.000,-0.000) ControlRotationYaw=183.33 Forward=(-0.998,-0.058,0.000) Right=(0.058,-0.998,-0.000) DesiredWorldMoveDir=(-0.058,0.998,0.000)
LogZZZAnim: [TurnBack][RotationDiag] Frame=48091 Phase=2 D1=0 Actor=(P0.00 Y-86.67 R0.00) Control=(P358.08 Y183.33 R0.00) VelocityYaw=-86.67 AccelYaw=0.00 Desired=(-0.06,1.00,0.00) CurveDir=(0.00,1.00,0.00) Requested=(0.00,224.60,0.00) Flags[Orient=1 ControllerDesired=0 PawnYaw=0] MeshRel=(P-0.00 Y-90.00 R0.00) MeshComp=(P-0.00 Y-176.67 R-0.00) BoneIndex[Root=176 Bone_Root=1 Bip001=2] BoneCSYaw[Root=180.00 Bone_Root=0.00 Bip001=166.84]
LogZZZAnim: [MoveDiag][RequestDirectMove] Frame=48091 Path=RootMotion TurnBackPhase=2 SecondSegment=0 CurveDirectionSource=RM_VelocityDir CurveDirectionLocal=(0.000,1.000) DesiredWorldMoveDir=(-0.058,0.998,0.000) RootMotionDelta=(0.000,5.241,0.000) RequestDirectMoveDir=(0.058,-0.998,0.000) Speed=224.597
LogZZZAnim: [TurnBack][Snapshot] Phase=2 SecondSegment=0 SubState=2 State=2 Gait=2 ShouldMove=1 InputForwardDot=-1.000 ActorDesiredDot=-1.000 Velocity=212.60
LogZZZAnim: [MoveDiag][Intent] Frame=48092 MoveInput=(-1.000,-0.000) ControlRotationYaw=183.33 Forward=(-0.998,-0.058,0.000) Right=(0.058,-0.998,-0.000) DesiredWorldMoveDir=(-0.058,0.998,0.000)
LogZZZAnim: [TurnBack][RotationDiag] Frame=48092 Phase=2 D1=0 Actor=(P0.00 Y-86.67 R0.00) Control=(P358.08 Y183.33 R0.00) VelocityYaw=-86.67 AccelYaw=0.00 Desired=(-0.06,1.00,0.00) CurveDir=(0.00,1.00,0.00) Requested=(0.00,260.19,0.00) Flags[Orient=1 ControllerDesired=0 PawnYaw=0] MeshRel=(P-0.00 Y-90.00 R0.00) MeshComp=(P-0.00 Y-176.67 R-0.00) BoneIndex[Root=176 Bone_Root=1 Bip001=2] BoneCSYaw[Root=180.00 Bone_Root=0.00 Bip001=167.04]
LogZZZAnim: [MoveDiag][RequestDirectMove] Frame=48092 Path=RootMotion TurnBackPhase=2 SecondSegment=0 CurveDirectionSource=RM_VelocityDir CurveDirectionLocal=(0.000,1.000) DesiredWorldMoveDir=(-0.058,0.998,0.000) RootMotionDelta=(0.000,5.022,0.000) RequestDirectMoveDir=(0.058,-0.998,0.000) Speed=260.193
LogZZZAnim: [TurnBack][Snapshot] Phase=2 SecondSegment=0 SubState=2 State=2 Gait=2 ShouldMove=1 InputForwardDot=-1.000 ActorDesiredDot=-1.000 Velocity=224.60
LogZZZAnim: [MoveDiag][Intent] Frame=48093 MoveInput=(-1.000,-0.000) ControlRotationYaw=183.33 Forward=(-0.998,-0.058,0.000) Right=(0.058,-0.998,-0.000) DesiredWorldMoveDir=(-0.058,0.998,0.000)
LogZZZAnim: [TurnBack][RotationDiag] Frame=48093 Phase=2 D1=0 Actor=(P0.00 Y-86.67 R0.00) Control=(P358.08 Y183.33 R0.00) VelocityYaw=-86.67 AccelYaw=0.00 Desired=(-0.06,1.00,0.00) CurveDir=(0.00,1.00,0.00) Requested=(0.00,300.64,0.00) Flags[Orient=1 ControllerDesired=0 PawnYaw=0] MeshRel=(P-0.00 Y-90.00 R0.00) MeshComp=(P-0.00 Y-176.67 R-0.00) BoneIndex[Root=176 Bone_Root=1 Bip001=2] BoneCSYaw[Root=180.00 Bone_Root=0.00 Bip001=167.64]
LogZZZAnim: [MoveDiag][RequestDirectMove] Frame=48093 Path=RootMotion TurnBackPhase=2 SecondSegment=0 CurveDirectionSource=RM_VelocityDir CurveDirectionLocal=(0.000,1.000) DesiredWorldMoveDir=(-0.058,0.998,0.000) RootMotionDelta=(0.000,7.700,0.000) RequestDirectMoveDir=(0.058,-0.998,0.000) Speed=300.642
LogZZZAnim: [TurnBack][Snapshot] Phase=2 SecondSegment=0 SubState=2 State=2 Gait=2 ShouldMove=1 InputForwardDot=-1.000 ActorDesiredDot=-1.000 Velocity=260.19
LogZZZAnim: [MoveDiag][Intent] Frame=48094 MoveInput=(-1.000,-0.000) ControlRotationYaw=183.33 Forward=(-0.998,-0.058,0.000) Right=(0.058,-0.998,-0.000) DesiredWorldMoveDir=(-0.058,0.998,0.000)
LogZZZAnim: [TurnBack][RotationDiag] Frame=48094 Phase=2 D1=0 Actor=(P0.00 Y-86.67 R0.00) Control=(P358.08 Y183.33 R0.00) VelocityYaw=-86.67 AccelYaw=0.00 Desired=(-0.06,1.00,0.00) CurveDir=(0.00,1.00,0.00) Requested=(0.00,283.73,0.00) Flags[Orient=1 ControllerDesired=0 PawnYaw=0] MeshRel=(P-0.00 Y-90.00 R0.00) MeshComp=(P-0.00 Y-176.67 R-0.00) BoneIndex[Root=176 Bone_Root=1 Bip001=2] BoneCSYaw[Root=180.00 Bone_Root=0.00 Bip001=168.20]
LogZZZAnim: [MoveDiag][RequestDirectMove] Frame=48094 Path=RootMotion TurnBackPhase=2 SecondSegment=0 CurveDirectionSource=RM_VelocityDir CurveDirectionLocal=(0.000,1.000) DesiredWorldMoveDir=(-0.058,0.998,0.000) RootMotionDelta=(0.000,6.780,0.000) RequestDirectMoveDir=(0.058,-0.998,0.000) Speed=283.735
LogZZZAnim: [TurnBack][Snapshot] Phase=2 SecondSegment=0 SubState=2 State=2 Gait=2 ShouldMove=1 InputForwardDot=-1.000 ActorDesiredDot=-1.000 Velocity=300.64
LogZZZAnim: [MoveDiag][Intent] Frame=48095 MoveInput=(-1.000,-0.000) ControlRotationYaw=183.33 Forward=(-0.998,-0.058,0.000) Right=(0.058,-0.998,-0.000) DesiredWorldMoveDir=(-0.058,0.998,0.000)
LogZZZAnim: [TurnBack][RotationDiag] Frame=48095 Phase=2 D1=0 Actor=(P0.00 Y-86.67 R0.00) Control=(P358.08 Y183.33 R0.00) VelocityYaw=-86.67 AccelYaw=0.00 Desired=(-0.06,1.00,0.00) CurveDir=(0.00,1.00,0.00) Requested=(0.00,254.56,0.00) Flags[Orient=1 ControllerDesired=0 PawnYaw=0] MeshRel=(P-0.00 Y-90.00 R0.00) MeshComp=(P-0.00 Y-176.67 R-0.00) BoneIndex[Root=176 Bone_Root=1 Bip001=2] BoneCSYaw[Root=180.00 Bone_Root=0.00 Bip001=168.52]
LogZZZAnim: [MoveDiag][RequestDirectMove] Frame=48095 Path=RootMotion TurnBackPhase=2 SecondSegment=0 CurveDirectionSource=RM_VelocityDir CurveDirectionLocal=(0.000,1.000) DesiredWorldMoveDir=(-0.058,0.998,0.000) RootMotionDelta=(0.000,7.155,0.000) RequestDirectMoveDir=(0.058,-0.998,0.000) Speed=254.555
LogZZZAnim: [TurnBack][Snapshot] Phase=2 SecondSegment=0 SubState=2 State=2 Gait=2 ShouldMove=1 InputForwardDot=-1.000 ActorDesiredDot=-1.000 Velocity=283.73
LogZZZAnim: [MoveDiag][Intent] Frame=48096 MoveInput=(-1.000,-0.000) ControlRotationYaw=183.33 Forward=(-0.998,-0.058,0.000) Right=(0.058,-0.998,-0.000) DesiredWorldMoveDir=(-0.058,0.998,0.000)
LogZZZAnim: [TurnBack][RotationDiag] Frame=48096 Phase=2 D1=0 Actor=(P0.00 Y-86.67 R0.00) Control=(P358.08 Y183.33 R0.00) VelocityYaw=-86.67 AccelYaw=0.00 Desired=(-0.06,1.00,0.00) CurveDir=(0.00,1.00,0.00) Requested=(0.00,207.93,0.00) Flags[Orient=1 ControllerDesired=0 PawnYaw=0] MeshRel=(P-0.00 Y-90.00 R0.00) MeshComp=(P-0.00 Y-176.67 R-0.00) BoneIndex[Root=176 Bone_Root=1 Bip001=2] BoneCSYaw[Root=180.00 Bone_Root=0.00 Bip001=168.65]
LogZZZAnim: [MoveDiag][RequestDirectMove] Frame=48096 Path=RootMotion TurnBackPhase=2 SecondSegment=0 CurveDirectionSource=RM_VelocityDir CurveDirectionLocal=(0.000,1.000) DesiredWorldMoveDir=(-0.058,0.998,0.000) RootMotionDelta=(0.000,6.525,0.000) RequestDirectMoveDir=(0.058,-0.998,0.000) Speed=207.931
LogZZZAnim: [TurnBack][Snapshot] Phase=2 SecondSegment=0 SubState=2 State=2 Gait=2 ShouldMove=1 InputForwardDot=-1.000 ActorDesiredDot=-1.000 Velocity=254.56
LogZZZAnim: [MoveDiag][Intent] Frame=48097 MoveInput=(-1.000,-0.000) ControlRotationYaw=183.33 Forward=(-0.998,-0.058,0.000) Right=(0.058,-0.998,-0.000) DesiredWorldMoveDir=(-0.058,0.998,0.000)
LogZZZAnim: [TurnBack][RotationDiag] Frame=48097 Phase=2 D1=0 Actor=(P0.00 Y-86.67 R0.00) Control=(P358.08 Y183.33 R0.00) VelocityYaw=-86.67 AccelYaw=0.00 Desired=(-0.06,1.00,0.00) CurveDir=(0.00,1.00,0.00) Requested=(0.00,165.07,0.00) Flags[Orient=1 ControllerDesired=0 PawnYaw=0] MeshRel=(P-0.00 Y-90.00 R0.00) MeshComp=(P-0.00 Y-176.67 R-0.00) BoneIndex[Root=176 Bone_Root=1 Bip001=2] BoneCSYaw[Root=180.00 Bone_Root=0.00 Bip001=168.84]
LogZZZAnim: [MoveDiag][RequestDirectMove] Frame=48097 Path=RootMotion TurnBackPhase=2 SecondSegment=0 CurveDirectionSource=RM_VelocityDir CurveDirectionLocal=(0.000,1.000) DesiredWorldMoveDir=(-0.058,0.998,0.000) RootMotionDelta=(0.000,4.427,0.000) RequestDirectMoveDir=(0.058,-0.998,0.000) Speed=165.065
LogZZZAnim: [TurnBack][Snapshot] Phase=2 SecondSegment=0 SubState=2 State=2 Gait=2 ShouldMove=1 InputForwardDot=-1.000 ActorDesiredDot=-1.000 Velocity=207.93
LogZZZAnim: [MoveDiag][Intent] Frame=48098 MoveInput=(-1.000,-0.000) ControlRotationYaw=183.33 Forward=(-0.998,-0.058,0.000) Right=(0.058,-0.998,-0.000) DesiredWorldMoveDir=(-0.058,0.998,0.000)
LogZZZAnim: [TurnBack][RotationDiag] Frame=48098 Phase=2 D1=0 Actor=(P0.00 Y-86.67 R0.00) Control=(P358.08 Y183.33 R0.00) VelocityYaw=-86.67 AccelYaw=0.00 Desired=(-0.06,1.00,0.00) CurveDir=(0.00,1.00,0.00) Requested=(0.00,160.67,0.00) Flags[Orient=1 ControllerDesired=0 PawnYaw=0] MeshRel=(P-0.00 Y-90.00 R0.00) MeshComp=(P-0.00 Y-176.67 R-0.00) BoneIndex[Root=176 Bone_Root=1 Bip001=2] BoneCSYaw[Root=180.00 Bone_Root=0.00 Bip001=169.02]
LogZZZAnim: [MoveDiag][RequestDirectMove] Frame=48098 Path=RootMotion TurnBackPhase=2 SecondSegment=0 CurveDirectionSource=RM_VelocityDir CurveDirectionLocal=(0.000,1.000) DesiredWorldMoveDir=(-0.058,0.998,0.000) RootMotionDelta=(0.000,4.214,0.000) RequestDirectMoveDir=(0.058,-0.998,0.000) Speed=160.669
LogZZZAnim: [TurnBack][Snapshot] Phase=2 SecondSegment=0 SubState=2 State=2 Gait=2 ShouldMove=1 InputForwardDot=-1.000 ActorDesiredDot=-1.000 Velocity=165.07
LogZZZAnim: [MoveDiag][Intent] Frame=48099 MoveInput=(-1.000,-0.000) ControlRotationYaw=183.33 Forward=(-0.998,-0.058,0.000) Right=(0.058,-0.998,-0.000) DesiredWorldMoveDir=(-0.058,0.998,0.000)
LogZZZAnim: [TurnBack][RotationDiag] Frame=48099 Phase=2 D1=0 Actor=(P0.00 Y-86.67 R0.00) Control=(P358.08 Y183.33 R0.00) VelocityYaw=-86.67 AccelYaw=0.00 Desired=(-0.06,1.00,0.00) CurveDir=(0.00,1.00,0.00) Requested=(0.00,162.17,0.00) Flags[Orient=1 ControllerDesired=0 PawnYaw=0] MeshRel=(P-0.00 Y-90.00 R0.00) MeshComp=(P-0.00 Y-176.67 R-0.00) BoneIndex[Root=176 Bone_Root=1 Bip001=2] BoneCSYaw[Root=180.00 Bone_Root=0.00 Bip001=169.09]
LogZZZAnim: [MoveDiag][RequestDirectMove] Frame=48099 Path=RootMotion TurnBackPhase=2 SecondSegment=0 CurveDirectionSource=RM_VelocityDir CurveDirectionLocal=(0.000,1.000) DesiredWorldMoveDir=(-0.058,0.998,0.000) RootMotionDelta=(0.000,3.619,0.000) RequestDirectMoveDir=(0.058,-0.998,0.000) Speed=162.172
LogZZZAnim: [TurnBack][Snapshot] Phase=2 SecondSegment=0 SubState=2 State=2 Gait=2 ShouldMove=1 InputForwardDot=-1.000 ActorDesiredDot=-1.000 Velocity=160.67
LogZZZAnim: [MoveDiag][Intent] Frame=48100 MoveInput=(-1.000,-0.000) ControlRotationYaw=183.33 Forward=(-0.998,-0.058,0.000) Right=(0.058,-0.998,-0.000) DesiredWorldMoveDir=(-0.058,0.998,0.000)
LogZZZAnim: [TurnBack][RotationDiag] Frame=48100 Phase=2 D1=0 Actor=(P0.00 Y-86.67 R0.00) Control=(P358.08 Y183.33 R0.00) VelocityYaw=-86.67 AccelYaw=0.00 Desired=(-0.06,1.00,0.00) CurveDir=(0.00,1.00,0.00) Requested=(0.00,159.96,0.00) Flags[Orient=1 ControllerDesired=0 PawnYaw=0] MeshRel=(P-0.00 Y-90.00 R0.00) MeshComp=(P-0.00 Y-176.67 R-0.00) BoneIndex[Root=176 Bone_Root=1 Bip001=2] BoneCSYaw[Root=180.00 Bone_Root=0.00 Bip001=169.03]
LogZZZAnim: [MoveDiag][RequestDirectMove] Frame=48100 Path=RootMotion TurnBackPhase=2 SecondSegment=0 CurveDirectionSource=RM_VelocityDir CurveDirectionLocal=(0.000,1.000) DesiredWorldMoveDir=(-0.058,0.998,0.000) RootMotionDelta=(0.000,3.691,0.000) RequestDirectMoveDir=(0.058,-0.998,0.000) Speed=159.960
LogZZZAnim: [TurnBack][Snapshot] Phase=2 SecondSegment=0 SubState=2 State=2 Gait=2 ShouldMove=1 InputForwardDot=-1.000 ActorDesiredDot=-1.000 Velocity=162.17
LogZZZAnim: [MoveDiag][Intent] Frame=48101 MoveInput=(-1.000,-0.000) ControlRotationYaw=183.33 Forward=(-0.998,-0.058,0.000) Right=(0.058,-0.998,-0.000) DesiredWorldMoveDir=(-0.058,0.998,0.000)
LogZZZAnim: [TurnBack][RotationDiag] Frame=48101 Phase=2 D1=0 Actor=(P0.00 Y-86.67 R0.00) Control=(P358.08 Y183.33 R0.00) VelocityYaw=-86.67 AccelYaw=0.00 Desired=(-0.06,1.00,0.00) CurveDir=(0.00,1.00,0.00) Requested=(0.00,154.96,0.00) Flags[Orient=1 ControllerDesired=0 PawnYaw=0] MeshRel=(P-0.00 Y-90.00 R0.00) MeshComp=(P-0.00 Y-176.67 R-0.00) BoneIndex[Root=176 Bone_Root=1 Bip001=2] BoneCSYaw[Root=180.00 Bone_Root=0.00 Bip001=168.68]
LogZZZAnim: [MoveDiag][RequestDirectMove] Frame=48101 Path=RootMotion TurnBackPhase=2 SecondSegment=0 CurveDirectionSource=RM_VelocityDir CurveDirectionLocal=(0.000,1.000) DesiredWorldMoveDir=(-0.058,0.998,0.000) RootMotionDelta=(0.000,4.026,0.000) RequestDirectMoveDir=(0.058,-0.998,0.000) Speed=154.961
LogZZZAnim: [TurnBack][Snapshot] Phase=2 SecondSegment=0 SubState=2 State=2 Gait=2 ShouldMove=1 InputForwardDot=-1.000 ActorDesiredDot=-1.000 Velocity=159.96
LogZZZAnim: [MoveDiag][Intent] Frame=48102 MoveInput=(-1.000,-0.000) ControlRotationYaw=183.33 Forward=(-0.998,-0.058,0.000) Right=(0.058,-0.998,-0.000) DesiredWorldMoveDir=(-0.058,0.998,0.000)
LogZZZAnim: [TurnBack][RotationDiag] Frame=48102 Phase=2 D1=0 Actor=(P0.00 Y-86.67 R0.00) Control=(P358.08 Y183.33 R0.00) VelocityYaw=-86.67 AccelYaw=0.00 Desired=(-0.06,1.00,0.00) CurveDir=(0.00,1.00,0.00) Requested=(0.00,144.58,0.00) Flags[Orient=1 ControllerDesired=0 PawnYaw=0] MeshRel=(P-0.00 Y-90.00 R0.00) MeshComp=(P-0.00 Y-176.67 R-0.00) BoneIndex[Root=176 Bone_Root=1 Bip001=2] BoneCSYaw[Root=180.00 Bone_Root=0.00 Bip001=168.22]
LogZZZAnim: [MoveDiag][RequestDirectMove] Frame=48102 Path=RootMotion TurnBackPhase=2 SecondSegment=0 CurveDirectionSource=RM_VelocityDir CurveDirectionLocal=(0.000,1.000) DesiredWorldMoveDir=(-0.058,0.998,0.000) RootMotionDelta=(0.000,4.004,0.000) RequestDirectMoveDir=(0.058,-0.998,0.000) Speed=144.577
LogZZZAnim: [TurnBack][Snapshot] Phase=2 SecondSegment=0 SubState=2 State=2 Gait=2 ShouldMove=1 InputForwardDot=-1.000 ActorDesiredDot=-1.000 Velocity=154.96
LogZZZAnim: [MoveDiag][Intent] Frame=48103 MoveInput=(-1.000,-0.000) ControlRotationYaw=183.33 Forward=(-0.998,-0.058,0.000) Right=(0.058,-0.998,-0.000) DesiredWorldMoveDir=(-0.058,0.998,0.000)
LogZZZAnim: [TurnBack][RotationDiag] Frame=48103 Phase=2 D1=0 Actor=(P0.00 Y-86.67 R0.00) Control=(P358.08 Y183.33 R0.00) VelocityYaw=-86.67 AccelYaw=0.00 Desired=(-0.06,1.00,0.00) CurveDir=(0.00,1.00,0.00) Requested=(0.00,130.38,0.00) Flags[Orient=1 ControllerDesired=0 PawnYaw=0] MeshRel=(P-0.00 Y-90.00 R0.00) MeshComp=(P-0.00 Y-176.67 R-0.00) BoneIndex[Root=176 Bone_Root=1 Bip001=2] BoneCSYaw[Root=180.00 Bone_Root=0.00 Bip001=168.14]
LogZZZAnim: [MoveDiag][RequestDirectMove] Frame=48103 Path=RootMotion TurnBackPhase=2 SecondSegment=0 CurveDirectionSource=RM_VelocityDir CurveDirectionLocal=(0.000,1.000) DesiredWorldMoveDir=(-0.058,0.998,0.000) RootMotionDelta=(0.000,3.522,0.000) RequestDirectMoveDir=(0.058,-0.998,0.000) Speed=130.380
LogZZZAnim: [TurnBack][Snapshot] Phase=2 SecondSegment=0 SubState=2 State=2 Gait=2 ShouldMove=1 InputForwardDot=-1.000 ActorDesiredDot=-1.000 Velocity=144.58
LogZZZAnim: [MoveDiag][Intent] Frame=48104 MoveInput=(-1.000,-0.000) ControlRotationYaw=183.33 Forward=(-0.998,-0.058,0.000) Right=(0.058,-0.998,-0.000) DesiredWorldMoveDir=(-0.058,0.998,0.000)
LogZZZAnim: [TurnBack][RotationDiag] Frame=48104 Phase=2 D1=0 Actor=(P0.00 Y-86.67 R0.00) Control=(P358.08 Y183.33 R0.00) VelocityYaw=-86.67 AccelYaw=0.00 Desired=(-0.06,1.00,0.00) CurveDir=(0.00,1.00,0.00) Requested=(0.00,109.99,0.00) Flags[Orient=1 ControllerDesired=0 PawnYaw=0] MeshRel=(P-0.00 Y-90.00 R0.00) MeshComp=(P-0.00 Y-176.67 R-0.00) BoneIndex[Root=176 Bone_Root=1 Bip001=2] BoneCSYaw[Root=180.00 Bone_Root=0.00 Bip001=167.15]
LogZZZAnim: [MoveDiag][RequestDirectMove] Frame=48104 Path=RootMotion TurnBackPhase=2 SecondSegment=0 CurveDirectionSource=RM_VelocityDir CurveDirectionLocal=(0.000,1.000) DesiredWorldMoveDir=(-0.058,0.998,0.000) RootMotionDelta=(0.000,3.350,0.000) RequestDirectMoveDir=(0.058,-0.998,0.000) Speed=109.985
LogZZZAnim: [TurnBack][Snapshot] Phase=2 SecondSegment=0 SubState=2 State=2 Gait=2 ShouldMove=1 InputForwardDot=-1.000 ActorDesiredDot=-1.000 Velocity=130.38
LogZZZAnim: [MoveDiag][Intent] Frame=48105 MoveInput=(-1.000,-0.000) ControlRotationYaw=183.33 Forward=(-0.998,-0.058,0.000) Right=(0.058,-0.998,-0.000) DesiredWorldMoveDir=(-0.058,0.998,0.000)
LogZZZAnim: [TurnBack][RotationDiag] Frame=48105 Phase=2 D1=0 Actor=(P0.00 Y-86.67 R0.00) Control=(P358.08 Y183.33 R0.00) VelocityYaw=-86.67 AccelYaw=0.00 Desired=(-0.06,1.00,0.00) CurveDir=(0.00,1.00,0.00) Requested=(0.00,90.70,0.00) Flags[Orient=1 ControllerDesired=0 PawnYaw=0] MeshRel=(P-0.00 Y-90.00 R0.00) MeshComp=(P-0.00 Y-176.67 R-0.00) BoneIndex[Root=176 Bone_Root=1 Bip001=2] BoneCSYaw[Root=180.00 Bone_Root=0.00 Bip001=164.67]
LogZZZAnim: [MoveDiag][RequestDirectMove] Frame=48105 Path=RootMotion TurnBackPhase=2 SecondSegment=0 CurveDirectionSource=RM_VelocityDir CurveDirectionLocal=(0.000,1.000) DesiredWorldMoveDir=(-0.058,0.998,0.000) RootMotionDelta=(0.000,2.144,0.000) RequestDirectMoveDir=(0.058,-0.998,0.000) Speed=90.699
LogZZZAnim: [TurnBack][Snapshot] Phase=2 SecondSegment=0 SubState=2 State=2 Gait=2 ShouldMove=1 InputForwardDot=-1.000 ActorDesiredDot=-1.000 Velocity=109.99
LogZZZAnim: [MoveDiag][Intent] Frame=48106 MoveInput=(-1.000,-0.000) ControlRotationYaw=183.33 Forward=(-0.998,-0.058,0.000) Right=(0.058,-0.998,-0.000) DesiredWorldMoveDir=(-0.058,0.998,0.000)
LogZZZAnim: [TurnBack][Phase] CanYaw->D1 Elapsed=0.962
LogZZZAnim: [TurnBack][RotationDiag] Frame=48106 Phase=2 D1=1 Actor=(P0.00 Y-86.67 R0.00) Control=(P358.08 Y183.33 R0.00) VelocityYaw=-86.67 AccelYaw=0.00 Desired=(-0.06,1.00,0.00) CurveDir=(0.00,1.00,0.00) Requested=(-4.11,70.72,0.00) Flags[Orient=1 ControllerDesired=0 PawnYaw=0] MeshRel=(P-0.00 Y-90.00 R0.00) MeshComp=(P-0.00 Y-176.67 R-0.00) BoneIndex[Root=176 Bone_Root=1 Bip001=2] BoneCSYaw[Root=180.00 Bone_Root=0.00 Bip001=160.52]
LogZZZAnim: [MoveDiag][RequestDirectMove] Frame=48106 Path=RootMotion TurnBackPhase=2 SecondSegment=1 CurveDirectionSource=RM_VelocityDir CurveDirectionLocal=(0.000,1.000) DesiredWorldMoveDir=(-0.058,0.998,0.000) RootMotionDelta=(0.000,1.530,0.000) RequestDirectMoveDir=(-0.058,0.998,0.000) Speed=70.837
LogZZZAnim: [TurnBack][Snapshot] Phase=2 SecondSegment=1 SubState=2 State=2 Gait=2 ShouldMove=1 InputForwardDot=-1.000 ActorDesiredDot=-1.000 Velocity=90.70
LogZZZAnim: [MoveDiag][Intent] Frame=48107 MoveInput=(-1.000,-0.000) ControlRotationYaw=183.33 Forward=(-0.998,-0.058,0.000) Right=(0.058,-0.998,-0.000) DesiredWorldMoveDir=(-0.058,0.998,0.000)
LogZZZAnim: [TurnBack][RotationDiag] Frame=48107 Phase=2 D1=1 Actor=(P0.00 Y-77.64 R0.00) Control=(P358.08 Y183.33 R0.00) VelocityYaw=93.32 AccelYaw=0.00 Desired=(-0.06,1.00,0.00) CurveDir=(0.00,1.00,0.00) Requested=(-2.65,45.61,0.00) Flags[Orient=1 ControllerDesired=0 PawnYaw=0] MeshRel=(P-0.00 Y-90.00 R0.00) MeshComp=(P-0.00 Y-167.64 R-0.00) BoneIndex[Root=176 Bone_Root=1 Bip001=2] BoneCSYaw[Root=180.00 Bone_Root=0.00 Bip001=146.46]
LogZZZAnim: [MoveDiag][RequestDirectMove] Frame=48107 Path=RootMotion TurnBackPhase=2 SecondSegment=1 CurveDirectionSource=RM_VelocityDir CurveDirectionLocal=(0.000,1.000) DesiredWorldMoveDir=(-0.058,0.998,0.000) RootMotionDelta=(0.000,1.077,0.000) RequestDirectMoveDir=(-0.058,0.998,0.000) Speed=45.686
LogZZZAnim: [TurnBack][Snapshot] Phase=2 SecondSegment=1 SubState=2 State=2 Gait=2 ShouldMove=1 InputForwardDot=-0.988 ActorDesiredDot=-0.988 Velocity=70.84
LogZZZAnim: [MoveDiag][Intent] Frame=48108 MoveInput=(-1.000,-0.000) ControlRotationYaw=183.33 Forward=(-0.998,-0.058,0.000) Right=(0.058,-0.998,-0.000) DesiredWorldMoveDir=(-0.058,0.998,0.000)
LogZZZAnim: [TurnBack][RotationDiag] Frame=48108 Phase=2 D1=1 Actor=(P0.00 Y-68.72 R0.00) Control=(P358.08 Y183.33 R0.00) VelocityYaw=93.32 AccelYaw=0.00 Desired=(-0.06,1.00,0.00) CurveDir=(0.00,1.00,0.00) Requested=(-1.04,17.88,0.00) Flags[Orient=1 ControllerDesired=0 PawnYaw=0] MeshRel=(P-0.00 Y-90.00 R0.00) MeshComp=(P-0.00 Y-158.72 R-0.00) BoneIndex[Root=176 Bone_Root=1 Bip001=2] BoneCSYaw[Root=180.00 Bone_Root=0.00 Bip001=130.08]
LogZZZAnim: [MoveDiag][RequestDirectMove] Frame=48108 Path=RootMotion TurnBackPhase=2 SecondSegment=1 CurveDirectionSource=RM_VelocityDir CurveDirectionLocal=(0.000,1.000) DesiredWorldMoveDir=(-0.058,0.998,0.000) RootMotionDelta=(0.000,0.483,0.000) RequestDirectMoveDir=(-0.058,0.998,0.000) Speed=17.906
LogZZZAnim: [TurnBack][Snapshot] Phase=2 SecondSegment=1 SubState=2 State=2 Gait=2 ShouldMove=1 InputForwardDot=-0.951 ActorDesiredDot=-0.951 Velocity=45.69
LogZZZAnim: [MoveDiag][Intent] Frame=48109 MoveInput=(-1.000,-0.000) ControlRotationYaw=183.33 Forward=(-0.998,-0.058,0.000) Right=(0.058,-0.998,-0.000) DesiredWorldMoveDir=(-0.058,0.998,0.000)
LogZZZAnim: [TurnBack][RotationDiag] Frame=48109 Phase=2 D1=1 Actor=(P0.00 Y-54.84 R0.00) Control=(P358.08 Y183.33 R0.00) VelocityYaw=93.32 AccelYaw=0.00 Desired=(-0.06,1.00,0.00) CurveDir=(0.00,-1.00,0.00) Requested=(-121.13,2085.01,0.00) Flags[Orient=1 ControllerDesired=0 PawnYaw=0] MeshRel=(P-0.00 Y-90.00 R0.00) MeshComp=(P-0.00 Y-144.84 R-0.00) BoneIndex[Root=176 Bone_Root=1 Bip001=2] BoneCSYaw[Root=180.00 Bone_Root=0.00 Bip001=123.08]
LogZZZAnim: [MoveDiag][RequestDirectMove] Frame=48109 Path=RootMotion TurnBackPhase=2 SecondSegment=1 CurveDirectionSource=RM_VelocityDir CurveDirectionLocal=(0.000,-1.000) DesiredWorldMoveDir=(-0.058,0.998,0.000) RootMotionDelta=(0.000,-48.902,0.000) RequestDirectMoveDir=(-0.058,0.998,0.000) Speed=2088.530
LogZZZAnim: [TurnBack][Snapshot] Phase=2 SecondSegment=1 SubState=2 State=2 Gait=2 ShouldMove=1 InputForwardDot=-0.850 ActorDesiredDot=-0.850 Velocity=17.91
LogZZZAnim: [MoveDiag][Intent] Frame=48110 MoveInput=(-1.000,-0.000) ControlRotationYaw=183.33 Forward=(-0.998,-0.058,0.000) Right=(0.058,-0.998,-0.000) DesiredWorldMoveDir=(-0.058,0.998,0.000)
LogZZZAnim: [TurnBack][RotationDiag] Frame=48110 Phase=2 D1=1 Actor=(P0.00 Y-42.62 R0.00) Control=(P358.08 Y183.33 R0.00) VelocityYaw=93.32 AccelYaw=0.00 Desired=(-0.06,1.00,0.00) CurveDir=(0.00,-1.00,0.00) Requested=(-102.56,1765.27,0.00) Flags[Orient=1 ControllerDesired=0 PawnYaw=0] MeshRel=(P-0.00 Y-90.00 R0.00) MeshComp=(P-0.00 Y-132.62 R-0.00) BoneIndex[Root=176 Bone_Root=1 Bip001=2] BoneCSYaw[Root=180.00 Bone_Root=0.00 Bip001=120.94]
LogZZZAnim: [MoveDiag][RequestDirectMove] Frame=48110 Path=RootMotion TurnBackPhase=2 SecondSegment=1 CurveDirectionSource=RM_VelocityDir CurveDirectionLocal=(0.000,-1.000) DesiredWorldMoveDir=(-0.058,0.998,0.000) RootMotionDelta=(0.000,-61.031,0.000) RequestDirectMoveDir=(-0.058,0.998,0.000) Speed=1768.242
LogZZZAnim: [TurnBack][Snapshot] Phase=2 SecondSegment=1 SubState=2 State=2 Gait=2 ShouldMove=1 InputForwardDot=-0.719 ActorDesiredDot=-0.719 Velocity=80.50
LogZZZAnim: [MoveDiag][Intent] Frame=48111 MoveInput=(-1.000,-0.000) ControlRotationYaw=183.33 Forward=(-0.998,-0.058,0.000) Right=(0.058,-0.998,-0.000) DesiredWorldMoveDir=(-0.058,0.998,0.000)
LogZZZAnim: [TurnBack][RotationDiag] Frame=48111 Phase=2 D1=1 Actor=(P0.00 Y-31.04 R0.00) Control=(P358.08 Y183.33 R0.00) VelocityYaw=93.32 AccelYaw=0.00 Desired=(-0.06,1.00,0.00) CurveDir=(0.00,-1.00,0.00) Requested=(-74.50,1282.27,0.00) Flags[Orient=1 ControllerDesired=0 PawnYaw=0] MeshRel=(P-0.00 Y-90.00 R0.00) MeshComp=(P-0.00 Y-121.04 R-0.00) BoneIndex[Root=176 Bone_Root=1 Bip001=2] BoneCSYaw[Root=180.00 Bone_Root=0.00 Bip001=115.21]
LogZZZAnim: [MoveDiag][RequestDirectMove] Frame=48111 Path=RootMotion TurnBackPhase=2 SecondSegment=1 CurveDirectionSource=RM_VelocityDir CurveDirectionLocal=(0.000,-1.000) DesiredWorldMoveDir=(-0.058,0.998,0.000) RootMotionDelta=(0.000,-38.233,0.000) RequestDirectMoveDir=(-0.058,0.998,0.000) Speed=1284.428
LogZZZAnim: [TurnBack][Snapshot] Phase=2 SecondSegment=1 SubState=2 State=2 Gait=2 ShouldMove=1 InputForwardDot=-0.564 ActorDesiredDot=-0.564 Velocity=139.78
LogZZZAnim: [MoveDiag][Intent] Frame=48112 MoveInput=(-1.000,-0.000) ControlRotationYaw=183.33 Forward=(-0.998,-0.058,0.000) Right=(0.058,-0.998,-0.000) DesiredWorldMoveDir=(-0.058,0.998,0.000)
LogZZZAnim: [TurnBack][RotationDiag] Frame=48112 Phase=2 D1=1 Actor=(P0.00 Y-18.42 R0.00) Control=(P358.08 Y183.33 R0.00) VelocityYaw=93.32 AccelYaw=0.00 Desired=(-0.06,1.00,0.00) CurveDir=(0.00,-1.00,0.00) Requested=(-98.67,1698.38,0.00) Flags[Orient=1 ControllerDesired=0 PawnYaw=0] MeshRel=(P-0.00 Y-90.00 R0.00) MeshComp=(P-0.00 Y-108.42 R-0.00) BoneIndex[Root=176 Bone_Root=1 Bip001=2] BoneCSYaw[Root=180.00 Bone_Root=0.00 Bip001=111.12]
LogZZZAnim: [MoveDiag][RequestDirectMove] Frame=48112 Path=RootMotion TurnBackPhase=2 SecondSegment=1 CurveDirectionSource=RM_VelocityDir CurveDirectionLocal=(0.000,-1.000) DesiredWorldMoveDir=(-0.058,0.998,0.000) RootMotionDelta=(0.000,-49.239,0.000) RequestDirectMoveDir=(-0.058,0.998,0.000) Speed=1701.247
LogZZZAnim: [TurnBack][Snapshot] Phase=2 SecondSegment=1 SubState=2 State=2 Gait=2 ShouldMove=1 InputForwardDot=-0.370 ActorDesiredDot=-0.370 Velocity=204.38
LogZZZAnim: [MoveDiag][Intent] Frame=48113 MoveInput=(-1.000,-0.000) ControlRotationYaw=183.33 Forward=(-0.998,-0.058,0.000) Right=(0.058,-0.998,-0.000) DesiredWorldMoveDir=(-0.058,0.998,0.000)
LogZZZAnim: [TurnBack][RotationDiag] Frame=48113 Phase=2 D1=1 Actor=(P0.00 Y-9.83 R0.00) Control=(P358.08 Y183.33 R0.00) VelocityYaw=93.32 AccelYaw=0.00 Desired=(-0.06,1.00,0.00) CurveDir=(0.00,-1.00,0.00) Requested=(-112.57,1937.58,0.00) Flags[Orient=1 ControllerDesired=0 PawnYaw=0] MeshRel=(P-0.00 Y-90.00 R0.00) MeshComp=(P-0.00 Y-99.83 R-0.00) BoneIndex[Root=176 Bone_Root=1 Bip001=2] BoneCSYaw[Root=180.00 Bone_Root=0.00 Bip001=110.45]
LogZZZAnim: [MoveDiag][RequestDirectMove] Frame=48113 Path=RootMotion TurnBackPhase=2 SecondSegment=1 CurveDirectionSource=RM_VelocityDir CurveDirectionLocal=(0.000,-1.000) DesiredWorldMoveDir=(-0.058,0.998,0.000) RootMotionDelta=(0.000,-41.567,0.000) RequestDirectMoveDir=(-0.058,0.998,0.000) Speed=1940.843
LogZZZAnim: [TurnBack][Snapshot] Phase=2 SecondSegment=1 SubState=2 State=2 Gait=2 ShouldMove=1 InputForwardDot=-0.228 ActorDesiredDot=-0.228 Velocity=248.38
LogZZZAnim: [MoveDiag][Intent] Frame=48114 MoveInput=(-1.000,-0.000) ControlRotationYaw=183.33 Forward=(-0.998,-0.058,0.000) Right=(0.058,-0.998,-0.000) DesiredWorldMoveDir=(-0.058,0.998,0.000)
LogZZZAnim: [TurnBack][RotationDiag] Frame=48114 Phase=2 D1=1 Actor=(P0.00 Y-0.36 R0.00) Control=(P358.08 Y183.33 R0.00) VelocityYaw=93.32 AccelYaw=0.00 Desired=(-0.06,1.00,0.00) CurveDir=(0.00,-1.00,0.00) Requested=(-116.44,2004.26,0.00) Flags[Orient=1 ControllerDesired=0 PawnYaw=0] MeshRel=(P-0.00 Y-90.00 R0.00) MeshComp=(P-0.00 Y-90.36 R-0.00) BoneIndex[Root=176 Bone_Root=1 Bip001=2] BoneCSYaw[Root=180.00 Bone_Root=0.00 Bip001=110.07]
LogZZZAnim: [MoveDiag][RequestDirectMove] Frame=48114 Path=RootMotion TurnBackPhase=2 SecondSegment=1 CurveDirectionSource=RM_VelocityDir CurveDirectionLocal=(0.000,-1.000) DesiredWorldMoveDir=(-0.058,0.998,0.000) RootMotionDelta=(0.000,-47.221,0.000) RequestDirectMoveDir=(-0.058,0.998,0.000) Speed=2007.641
LogZZZAnim: [TurnBack][Snapshot] Phase=2 SecondSegment=1 SubState=2 State=2 Gait=2 ShouldMove=1 InputForwardDot=-0.064 ActorDesiredDot=-0.064 Velocity=296.84
LogZZZAnim: [MoveDiag][Intent] Frame=48115 MoveInput=(-1.000,-0.000) ControlRotationYaw=183.33 Forward=(-0.998,-0.058,0.000) Right=(0.058,-0.998,-0.000) DesiredWorldMoveDir=(-0.058,0.998,0.000)
LogZZZAnim: [TurnBack][RotationDiag] Frame=48115 Phase=2 D1=1 Actor=(P0.00 Y7.83 R-0.00) Control=(P358.08 Y183.33 R0.00) VelocityYaw=93.32 AccelYaw=0.00 Desired=(-0.06,1.00,0.00) CurveDir=(0.00,-1.00,0.00) Requested=(-118.99,2048.03,0.00) Flags[Orient=1 ControllerDesired=0 PawnYaw=0] MeshRel=(P-0.00 Y-90.00 R0.00) MeshComp=(P-0.00 Y-82.17 R-0.00) BoneIndex[Root=176 Bone_Root=1 Bip001=2] BoneCSYaw[Root=180.00 Bone_Root=0.00 Bip001=110.01]
LogZZZAnim: [MoveDiag][RequestDirectMove] Frame=48115 Path=RootMotion TurnBackPhase=2 SecondSegment=1 CurveDirectionSource=RM_VelocityDir CurveDirectionLocal=(0.000,-1.000) DesiredWorldMoveDir=(-0.058,0.998,0.000) RootMotionDelta=(0.000,-41.948,0.000) RequestDirectMoveDir=(-0.058,0.998,0.000) Speed=2051.481
LogZZZAnim: [TurnBack][Snapshot] Phase=2 SecondSegment=1 SubState=2 State=2 Gait=2 ShouldMove=1 InputForwardDot=0.079 ActorDesiredDot=0.079 Velocity=338.78
LogZZZAnim: [MoveDiag][Intent] Frame=48116 MoveInput=(-1.000,-0.000) ControlRotationYaw=183.33 Forward=(-0.998,-0.058,0.000) Right=(0.058,-0.998,-0.000) DesiredWorldMoveDir=(-0.058,0.998,0.000)
LogZZZAnim: [TurnBack][RotationDiag] Frame=48116 Phase=2 D1=1 Actor=(P0.00 Y17.00 R-0.00) Control=(P358.08 Y183.33 R0.00) VelocityYaw=93.32 AccelYaw=0.00 Desired=(-0.06,1.00,0.00) CurveDir=(0.00,-1.00,0.00) Requested=(-120.97,2082.14,0.00) Flags[Orient=1 ControllerDesired=0 PawnYaw=0] MeshRel=(P-0.00 Y-90.00 R0.00) MeshComp=(P-0.00 Y-73.00 R-0.00) BoneIndex[Root=176 Bone_Root=1 Bip001=2] BoneCSYaw[Root=180.00 Bone_Root=0.00 Bip001=110.16]
LogZZZAnim: [MoveDiag][RequestDirectMove] Frame=48116 Path=RootMotion TurnBackPhase=2 SecondSegment=1 CurveDirectionSource=RM_VelocityDir CurveDirectionLocal=(0.000,-1.000) DesiredWorldMoveDir=(-0.058,0.998,0.000) RootMotionDelta=(0.000,-47.728,0.000) RequestDirectMoveDir=(-0.058,0.998,0.000) Speed=2085.648
LogZZZAnim: [TurnBack][Snapshot] Phase=2 SecondSegment=1 SubState=2 State=2 Gait=2 ShouldMove=1 InputForwardDot=0.236 ActorDesiredDot=0.236 Velocity=385.71
LogZZZAnim: [MoveDiag][Intent] Frame=48117 MoveInput=(-1.000,-0.000) ControlRotationYaw=183.33 Forward=(-0.998,-0.058,0.000) Right=(0.058,-0.998,-0.000) DesiredWorldMoveDir=(-0.058,0.998,0.000)
LogZZZAnim: [TurnBack][RotationDiag] Frame=48117 Phase=2 D1=1 Actor=(P0.00 Y26.11 R-0.00) Control=(P358.08 Y183.33 R0.00) VelocityYaw=93.32 AccelYaw=0.00 Desired=(-0.06,1.00,0.00) CurveDir=(0.00,-1.00,0.00) Requested=(-122.06,2101.02,0.00) Flags[Orient=1 ControllerDesired=0 PawnYaw=0] MeshRel=(P-0.00 Y-90.00 R0.00) MeshComp=(P-0.00 Y-63.89 R-0.00) BoneIndex[Root=176 Bone_Root=1 Bip001=2] BoneCSYaw[Root=180.00 Bone_Root=0.00 Bip001=110.43]
LogZZZAnim: [MoveDiag][RequestDirectMove] Frame=48117 Path=RootMotion TurnBackPhase=2 SecondSegment=1 CurveDirectionSource=RM_VelocityDir CurveDirectionLocal=(0.000,-1.000) DesiredWorldMoveDir=(-0.058,0.998,0.000) RootMotionDelta=(0.000,-47.921,0.000) RequestDirectMoveDir=(-0.058,0.998,0.000) Speed=2104.564
LogZZZAnim: [TurnBack][Snapshot] Phase=2 SecondSegment=1 SubState=2 State=2 Gait=2 ShouldMove=1 InputForwardDot=0.387 ActorDesiredDot=0.387 Velocity=432.40
LogZZZAnim: [MoveDiag][Intent] Frame=48118 MoveInput=(-1.000,-0.000) ControlRotationYaw=183.33 Forward=(-0.998,-0.058,0.000) Right=(0.058,-0.998,-0.000) DesiredWorldMoveDir=(-0.058,0.998,0.000)
LogZZZAnim: [TurnBack][RotationDiag] Frame=48118 Phase=2 D1=1 Actor=(P0.00 Y35.57 R-0.00) Control=(P358.08 Y183.33 R0.00) VelocityYaw=93.32 AccelYaw=0.00 Desired=(-0.06,1.00,0.00) CurveDir=(0.00,-1.00,0.00) Requested=(-122.18,2103.05,0.00) Flags[Orient=1 ControllerDesired=0 PawnYaw=0] MeshRel=(P-0.00 Y-90.00 R0.00) MeshComp=(P-0.00 Y-54.43 R-0.00) BoneIndex[Root=176 Bone_Root=1 Bip001=2] BoneCSYaw[Root=180.00 Bone_Root=0.00 Bip001=110.77]
LogZZZAnim: [MoveDiag][RequestDirectMove] Frame=48118 Path=RootMotion TurnBackPhase=2 SecondSegment=1 CurveDirectionSource=RM_VelocityDir CurveDirectionLocal=(0.000,-1.000) DesiredWorldMoveDir=(-0.058,0.998,0.000) RootMotionDelta=(0.000,-49.781,0.000) RequestDirectMoveDir=(-0.058,0.998,0.000) Speed=2106.592
LogZZZAnim: [TurnBack][Snapshot] Phase=2 SecondSegment=1 SubState=2 State=2 Gait=2 ShouldMove=1 InputForwardDot=0.533 ActorDesiredDot=0.533 Velocity=480.79
LogZZZAnim: [MoveDiag][Intent] Frame=48119 MoveInput=(-1.000,-0.000) ControlRotationYaw=183.33 Forward=(-0.998,-0.058,0.000) Right=(0.058,-0.998,-0.000) DesiredWorldMoveDir=(-0.058,0.998,0.000)
LogZZZAnim: [TurnBack][RotationDiag] Frame=48119 Phase=2 D1=1 Actor=(P0.00 Y44.84 R-0.00) Control=(P358.08 Y183.33 R0.00) VelocityYaw=93.32 AccelYaw=0.00 Desired=(-0.06,1.00,0.00) CurveDir=(0.00,-1.00,0.00) Requested=(-121.38,2089.20,0.00) Flags[Orient=1 ControllerDesired=0 PawnYaw=0] MeshRel=(P-0.00 Y-90.00 R0.00) MeshComp=(P-0.00 Y-45.16 R-0.00) BoneIndex[Root=176 Bone_Root=1 Bip001=2] BoneCSYaw[Root=180.00 Bone_Root=0.00 Bip001=111.07]
LogZZZAnim: [MoveDiag][RequestDirectMove] Frame=48119 Path=RootMotion TurnBackPhase=2 SecondSegment=1 CurveDirectionSource=RM_VelocityDir CurveDirectionLocal=(0.000,-1.000) DesiredWorldMoveDir=(-0.058,0.998,0.000) RootMotionDelta=(0.000,-48.581,0.000) RequestDirectMoveDir=(-0.058,0.998,0.000) Speed=2092.727
LogZZZAnim: [TurnBack][Snapshot] Phase=2 SecondSegment=1 SubState=2 State=2 Gait=2 ShouldMove=1 InputForwardDot=0.663 ActorDesiredDot=0.663 Velocity=528.26
LogZZZAnim: [MoveDiag][Intent] Frame=48120 MoveInput=(-1.000,-0.000) ControlRotationYaw=183.33 Forward=(-0.998,-0.058,0.000) Right=(0.058,-0.998,-0.000) DesiredWorldMoveDir=(-0.058,0.998,0.000)
LogZZZAnim: [TurnBack][RotationDiag] Frame=48120 Phase=2 D1=1 Actor=(P0.00 Y55.74 R-0.00) Control=(P358.08 Y183.33 R0.00) VelocityYaw=93.32 AccelYaw=0.00 Desired=(-0.06,1.00,0.00) CurveDir=(0.00,-1.00,0.00) Requested=(-99.43,1711.40,0.00) Flags[Orient=1 ControllerDesired=0 PawnYaw=0] MeshRel=(P-0.00 Y-90.00 R0.00) MeshComp=(P-0.00 Y-34.26 R-0.00) BoneIndex[Root=176 Bone_Root=1 Bip001=2] BoneCSYaw[Root=180.00 Bone_Root=0.00 Bip001=111.33]
LogZZZAnim: [MoveDiag][RequestDirectMove] Frame=48120 Path=RootMotion TurnBackPhase=2 SecondSegment=1 CurveDirectionSource=RM_VelocityDir CurveDirectionLocal=(0.000,-1.000) DesiredWorldMoveDir=(-0.058,0.998,0.000) RootMotionDelta=(0.000,-50.584,0.000) RequestDirectMoveDir=(-0.058,0.998,0.000) Speed=1714.290
LogZZZAnim: [TurnBack][Snapshot] Phase=2 SecondSegment=1 SubState=2 State=2 Gait=2 ShouldMove=1 InputForwardDot=0.793 ActorDesiredDot=0.793 Velocity=584.11
LogZZZAnim: [MoveDiag][Intent] Frame=48121 MoveInput=(-1.000,-0.000) ControlRotationYaw=183.33 Forward=(-0.998,-0.058,0.000) Right=(0.058,-0.998,-0.000) DesiredWorldMoveDir=(-0.058,0.998,0.000)
LogZZZAnim: [TurnBack][RotationDiag] Frame=48121 Phase=2 D1=1 Actor=(P0.00 Y64.93 R-0.00) Control=(P358.08 Y183.33 R0.00) VelocityYaw=93.32 AccelYaw=0.00 Desired=(-0.06,1.00,0.00) CurveDir=(0.00,-1.00,0.00) Requested=(-59.99,1032.55,0.00) Flags[Orient=1 ControllerDesired=0 PawnYaw=0] MeshRel=(P-0.00 Y-90.00 R0.00) MeshComp=(P-0.00 Y-25.07 R-0.00) BoneIndex[Root=176 Bone_Root=1 Bip001=2] BoneCSYaw[Root=180.00 Bone_Root=0.00 Bip001=111.72]
LogZZZAnim: [MoveDiag][RequestDirectMove] Frame=48121 Path=RootMotion TurnBackPhase=2 SecondSegment=1 CurveDirectionSource=RM_VelocityDir CurveDirectionLocal=(0.000,-1.000) DesiredWorldMoveDir=(-0.058,0.998,0.000) RootMotionDelta=(0.000,-23.761,0.000) RequestDirectMoveDir=(-0.058,0.998,0.000) Speed=1034.292
LogZZZAnim: [TurnBack][Snapshot] Phase=2 SecondSegment=1 SubState=2 State=2 Gait=2 ShouldMove=1 InputForwardDot=0.880 ActorDesiredDot=0.880 Velocity=631.15
LogZZZAnim: [MoveDiag][Intent] Frame=48122 MoveInput=(-1.000,-0.000) ControlRotationYaw=183.33 Forward=(-0.998,-0.058,0.000) Right=(0.058,-0.998,-0.000) DesiredWorldMoveDir=(-0.058,0.998,0.000)
LogZZZAnim: [TurnBack][RotationDiag] Frame=48122 Phase=2 D1=1 Actor=(P0.00 Y76.77 R-0.00) Control=(P358.08 Y183.33 R0.00) VelocityYaw=93.32 AccelYaw=0.00 Desired=(-0.06,1.00,0.00) CurveDir=(0.00,-1.00,0.00) Requested=(-59.99,1032.55,0.00) Flags[Orient=1 ControllerDesired=0 PawnYaw=0] MeshRel=(P-0.00 Y-90.00 R0.00) MeshComp=(P-0.00 Y-13.23 R-0.00) BoneIndex[Root=176 Bone_Root=1 Bip001=2] BoneCSYaw[Root=180.00 Bone_Root=0.00 Bip001=112.32]
LogZZZAnim: [MoveDiag][RequestDirectMove] Frame=48122 Path=RootMotion TurnBackPhase=2 SecondSegment=1 CurveDirectionSource=RM_VelocityDir CurveDirectionLocal=(0.000,-1.000) DesiredWorldMoveDir=(-0.058,0.998,0.000) RootMotionDelta=(0.000,-30.607,0.000) RequestDirectMoveDir=(-0.058,0.998,0.000) Speed=1034.295
LogZZZAnim: [TurnBack][Snapshot] Phase=2 SecondSegment=1 SubState=2 State=2 Gait=2 ShouldMove=1 InputForwardDot=0.959 ActorDesiredDot=0.959 Velocity=691.76
LogZZZAnim: [MoveDiag][Intent] Frame=48123 MoveInput=(-1.000,-0.000) ControlRotationYaw=183.33 Forward=(-0.998,-0.058,0.000) Right=(0.058,-0.998,-0.000) DesiredWorldMoveDir=(-0.058,0.998,0.000)
LogZZZAnim: [TurnBack][RotationDiag] Frame=48123 Phase=2 D1=1 Actor=(P0.00 Y87.79 R-0.00) Control=(P358.08 Y183.33 R0.00) VelocityYaw=93.32 AccelYaw=0.00 Desired=(-0.06,1.00,0.00) CurveDir=(0.00,-1.00,0.00) Requested=(-59.95,1031.85,0.00) Flags[Orient=1 ControllerDesired=0 PawnYaw=0] MeshRel=(P-0.00 Y-90.00 R0.00) MeshComp=(P-0.00 Y-2.21 R-0.00) BoneIndex[Root=176 Bone_Root=1 Bip001=2] BoneCSYaw[Root=180.00 Bone_Root=0.00 Bip001=112.09]
LogZZZAnim: [MoveDiag][RequestDirectMove] Frame=48123 Path=RootMotion TurnBackPhase=2 SecondSegment=1 CurveDirectionSource=RM_VelocityDir CurveDirectionLocal=(0.000,-1.000) DesiredWorldMoveDir=(-0.058,0.998,0.000) RootMotionDelta=(0.000,-28.482,0.000) RequestDirectMoveDir=(-0.058,0.998,0.000) Speed=1033.591
LogZZZAnim: [TurnBack][Snapshot] Phase=2 SecondSegment=1 SubState=2 State=2 Gait=2 ShouldMove=1 InputForwardDot=0.995 ActorDesiredDot=0.995 Velocity=748.18
LogZZZAnim: [MoveDiag][Intent] Frame=48124 MoveInput=(-1.000,-0.000) ControlRotationYaw=183.33 Forward=(-0.998,-0.058,0.000) Right=(0.058,-0.998,-0.000) DesiredWorldMoveDir=(-0.058,0.998,0.000)
LogZZZAnim: [TurnBack][RotationDiag] Frame=48124 Phase=2 D1=1 Actor=(P0.00 Y93.32 R-0.00) Control=(P358.08 Y183.33 R0.00) VelocityYaw=93.32 AccelYaw=0.00 Desired=(-0.06,1.00,0.00) CurveDir=(0.00,-1.00,0.00) Requested=(-59.99,1032.55,0.00) Flags[Orient=1 ControllerDesired=0 PawnYaw=0] MeshRel=(P-0.00 Y-90.00 R0.00) MeshComp=(P0.00 Y3.32 R-0.00) BoneIndex[Root=176 Bone_Root=1 Bip001=2] BoneCSYaw[Root=180.00 Bone_Root=0.00 Bip001=112.36]
LogZZZAnim: [MoveDiag][RequestDirectMove] Frame=48124 Path=RootMotion TurnBackPhase=2 SecondSegment=1 CurveDirectionSource=RM_VelocityDir CurveDirectionLocal=(0.000,-1.000) DesiredWorldMoveDir=(-0.058,0.998,0.000) RootMotionDelta=(0.000,-27.078,0.000) RequestDirectMoveDir=(-0.058,0.998,0.000) Speed=1034.296
LogZZZAnim: [TurnBack][Snapshot] Phase=2 SecondSegment=1 SubState=2 State=2 Gait=2 ShouldMove=1 InputForwardDot=1.000 ActorDesiredDot=1.000 Velocity=801.80
LogZZZAnim: [MoveDiag][Intent] Frame=48125 MoveInput=(-1.000,-0.000) ControlRotationYaw=183.33 Forward=(-0.998,-0.058,0.000) Right=(0.058,-0.998,-0.000) DesiredWorldMoveDir=(-0.058,0.998,0.000)
LogZZZAnim: [TurnBack][RotationDiag] Frame=48125 Phase=2 D1=1 Actor=(P0.00 Y93.32 R-0.00) Control=(P358.08 Y183.33 R0.00) VelocityYaw=93.32 AccelYaw=0.00 Desired=(-0.06,1.00,0.00) CurveDir=(0.00,-1.00,0.00) Requested=(-59.99,1032.55,0.00) Flags[Orient=1 ControllerDesired=0 PawnYaw=0] MeshRel=(P-0.00 Y-90.00 R0.00) MeshComp=(P0.00 Y3.32 R-0.00) BoneIndex[Root=176 Bone_Root=1 Bip001=2] BoneCSYaw[Root=180.00 Bone_Root=0.00 Bip001=113.78]
LogZZZAnim: [MoveDiag][RequestDirectMove] Frame=48125 Path=RootMotion TurnBackPhase=2 SecondSegment=1 CurveDirectionSource=RM_VelocityDir CurveDirectionLocal=(0.000,-1.000) DesiredWorldMoveDir=(-0.058,0.998,0.000) RootMotionDelta=(0.000,-23.255,0.000) RequestDirectMoveDir=(-0.058,0.998,0.000) Speed=1034.290
LogZZZAnim: [TurnBack][Snapshot] Phase=2 SecondSegment=1 SubState=2 State=2 Gait=2 ShouldMove=1 InputForwardDot=1.000 ActorDesiredDot=1.000 Velocity=847.85
LogZZZAnim: [MoveDiag][Intent] Frame=48126 MoveInput=(-1.000,-0.000) ControlRotationYaw=183.33 Forward=(-0.998,-0.058,0.000) Right=(0.058,-0.998,-0.000) DesiredWorldMoveDir=(-0.058,0.998,0.000)
LogZZZAnim: [TurnBack][RotationDiag] Frame=48126 Phase=2 D1=1 Actor=(P0.00 Y93.32 R-0.00) Control=(P358.08 Y183.33 R0.00) VelocityYaw=93.32 AccelYaw=0.00 Desired=(-0.06,1.00,0.00) CurveDir=(0.00,-1.00,0.00) Requested=(-60.08,1034.05,0.00) Flags[Orient=1 ControllerDesired=0 PawnYaw=0] MeshRel=(P-0.00 Y-90.00 R0.00) MeshComp=(P0.00 Y3.32 R-0.00) BoneIndex[Root=176 Bone_Root=1 Bip001=2] BoneCSYaw[Root=180.00 Bone_Root=0.00 Bip001=115.08]
LogZZZAnim: [MoveDiag][RequestDirectMove] Frame=48126 Path=RootMotion TurnBackPhase=2 SecondSegment=1 CurveDirectionSource=RM_VelocityDir CurveDirectionLocal=(0.000,-1.000) DesiredWorldMoveDir=(-0.058,0.998,0.000) RootMotionDelta=(0.000,-21.683,0.000) RequestDirectMoveDir=(-0.058,0.998,0.000) Speed=1035.793
LogZZZAnim: [TurnBack][Snapshot] Phase=2 SecondSegment=1 SubState=2 State=2 Gait=2 ShouldMove=1 InputForwardDot=1.000 ActorDesiredDot=1.000 Velocity=890.73
LogZZZAnim: [MoveDiag][Intent] Frame=48127 MoveInput=(-1.000,-0.000) ControlRotationYaw=183.33 Forward=(-0.998,-0.058,0.000) Right=(0.058,-0.998,-0.000) DesiredWorldMoveDir=(-0.058,0.998,0.000)
LogZZZAnim: [TurnBack][RotationDiag] Frame=48127 Phase=2 D1=1 Actor=(P0.00 Y93.32 R-0.00) Control=(P358.08 Y183.33 R0.00) VelocityYaw=93.32 AccelYaw=0.00 Desired=(-0.06,1.00,0.00) CurveDir=(0.00,-1.00,0.00) Requested=(-60.25,1037.03,0.00) Flags[Orient=1 ControllerDesired=0 PawnYaw=0] MeshRel=(P-0.00 Y-90.00 R0.00) MeshComp=(P0.00 Y3.32 R-0.00) BoneIndex[Root=176 Bone_Root=1 Bip001=2] BoneCSYaw[Root=180.00 Bone_Root=0.00 Bip001=115.02]
LogZZZAnim: [MoveDiag][RequestDirectMove] Frame=48127 Path=RootMotion TurnBackPhase=2 SecondSegment=1 CurveDirectionSource=RM_VelocityDir CurveDirectionLocal=(0.000,-1.000) DesiredWorldMoveDir=(-0.058,0.998,0.000) RootMotionDelta=(0.000,-24.696,0.000) RequestDirectMoveDir=(-0.058,0.998,0.000) Speed=1038.774
LogZZZAnim: [TurnBack][Snapshot] Phase=2 SecondSegment=1 SubState=2 State=2 Gait=2 ShouldMove=1 InputForwardDot=1.000 ActorDesiredDot=1.000 Velocity=939.42
LogZZZAnim: [MoveDiag][Intent] Frame=48128 MoveInput=(-1.000,-0.000) ControlRotationYaw=183.33 Forward=(-0.998,-0.058,0.000) Right=(0.058,-0.998,-0.000) DesiredWorldMoveDir=(-0.058,0.998,0.000)
LogZZZAnim: [TurnBack][RotationDiag] Frame=48128 Phase=2 D1=1 Actor=(P0.00 Y93.32 R-0.00) Control=(P358.08 Y183.33 R0.00) VelocityYaw=93.32 AccelYaw=0.00 Desired=(-0.06,1.00,0.00) CurveDir=(0.00,-1.00,0.00) Requested=(-60.25,1036.99,0.00) Flags[Orient=1 ControllerDesired=0 PawnYaw=0] MeshRel=(P-0.00 Y-90.00 R0.00) MeshComp=(P0.00 Y3.32 R-0.00) BoneIndex[Root=176 Bone_Root=1 Bip001=2] BoneCSYaw[Root=180.00 Bone_Root=0.00 Bip001=106.61]
LogZZZAnim: [MoveDiag][RequestDirectMove] Frame=48128 Path=RootMotion TurnBackPhase=2 SecondSegment=1 CurveDirectionSource=RM_VelocityDir CurveDirectionLocal=(0.000,-1.000) DesiredWorldMoveDir=(-0.058,0.998,0.000) RootMotionDelta=(0.000,-36.296,0.000) RequestDirectMoveDir=(-0.058,0.998,0.000) Speed=1038.734
LogZZZAnim: [TurnBack][Snapshot] Phase=2 SecondSegment=1 SubState=2 State=2 Gait=2 ShouldMove=1 InputForwardDot=1.000 ActorDesiredDot=1.000 Velocity=1010.98
LogZZZAnim: [MoveDiag][Intent] Frame=48129 MoveInput=(-1.000,-0.000) ControlRotationYaw=183.33 Forward=(-0.998,-0.058,0.000) Right=(0.058,-0.998,-0.000) DesiredWorldMoveDir=(-0.058,0.998,0.000)
LogZZZAnim: [TurnBack][RotationDiag] Frame=48129 Phase=2 D1=1 Actor=(P0.00 Y93.32 R-0.00) Control=(P358.08 Y183.33 R0.00) VelocityYaw=93.32 AccelYaw=0.00 Desired=(-0.06,1.00,0.00) CurveDir=(0.00,-1.00,0.00) Requested=(-60.21,1036.30,0.00) Flags[Orient=1 ControllerDesired=0 PawnYaw=0] MeshRel=(P-0.00 Y-90.00 R0.00) MeshComp=(P0.00 Y3.32 R-0.00) BoneIndex[Root=176 Bone_Root=1 Bip001=2] BoneCSYaw[Root=180.00 Bone_Root=0.00 Bip001=101.45]
LogZZZAnim: [MoveDiag][RequestDirectMove] Frame=48129 Path=RootMotion TurnBackPhase=2 SecondSegment=1 CurveDirectionSource=RM_VelocityDir CurveDirectionLocal=(0.000,-1.000) DesiredWorldMoveDir=(-0.058,0.998,0.000) RootMotionDelta=(0.000,-30.253,0.000) RequestDirectMoveDir=(-0.058,0.998,0.000) Speed=1038.052
LogZZZAnim: [TurnBack][Snapshot] Phase=2 SecondSegment=1 SubState=2 State=2 Gait=2 ShouldMove=1 InputForwardDot=1.000 ActorDesiredDot=1.000 Velocity=1038.73
LogZZZAnim: [MoveDiag][Intent] Frame=48130 MoveInput=(-1.000,-0.000) ControlRotationYaw=183.33 Forward=(-0.998,-0.058,0.000) Right=(0.058,-0.998,-0.000) DesiredWorldMoveDir=(-0.058,0.998,0.000)
LogZZZAnim: [TurnBack][RotationDiag] Frame=48130 Phase=2 D1=1 Actor=(P0.00 Y93.32 R-0.00) Control=(P358.08 Y183.33 R0.00) VelocityYaw=93.32 AccelYaw=0.00 Desired=(-0.06,1.00,0.00) CurveDir=(0.00,-1.00,0.00) Requested=(-60.25,1036.98,0.00) Flags[Orient=1 ControllerDesired=0 PawnYaw=0] MeshRel=(P-0.00 Y-90.00 R0.00) MeshComp=(P0.00 Y3.32 R-0.00) BoneIndex[Root=176 Bone_Root=1 Bip001=2] BoneCSYaw[Root=180.00 Bone_Root=0.00 Bip001=100.10]
LogZZZAnim: [MoveDiag][RequestDirectMove] Frame=48130 Path=RootMotion TurnBackPhase=2 SecondSegment=1 CurveDirectionSource=RM_VelocityDir CurveDirectionLocal=(0.000,-1.000) DesiredWorldMoveDir=(-0.058,0.998,0.000) RootMotionDelta=(0.000,-27.601,0.000) RequestDirectMoveDir=(-0.058,0.998,0.000) Speed=1038.730
LogZZZAnim: [TurnBack][Snapshot] Phase=2 SecondSegment=1 SubState=2 State=2 Gait=2 ShouldMove=1 InputForwardDot=1.000 ActorDesiredDot=1.000 Velocity=1038.05
LogZZZAnim: [MoveDiag][Intent] Frame=48131 MoveInput=(-1.000,-0.000) ControlRotationYaw=183.33 Forward=(-0.998,-0.058,0.000) Right=(0.058,-0.998,-0.000) DesiredWorldMoveDir=(-0.058,0.998,0.000)
LogZZZAnim: [TurnBack][RotationDiag] Frame=48131 Phase=2 D1=1 Actor=(P0.00 Y93.32 R-0.00) Control=(P358.08 Y183.33 R0.00) VelocityYaw=93.32 AccelYaw=0.00 Desired=(-0.06,1.00,0.00) CurveDir=(0.00,-1.00,0.00) Requested=(-60.25,1036.98,0.00) Flags[Orient=1 ControllerDesired=0 PawnYaw=0] MeshRel=(P-0.00 Y-90.00 R0.00) MeshComp=(P0.00 Y3.32 R-0.00) BoneIndex[Root=176 Bone_Root=1 Bip001=2] BoneCSYaw[Root=180.00 Bone_Root=0.00 Bip001=95.71]
LogZZZAnim: [MoveDiag][RequestDirectMove] Frame=48131 Path=RootMotion TurnBackPhase=2 SecondSegment=1 CurveDirectionSource=RM_VelocityDir CurveDirectionLocal=(0.000,-1.000) DesiredWorldMoveDir=(-0.058,0.998,0.000) RootMotionDelta=(0.000,-23.895,0.000) RequestDirectMoveDir=(-0.058,0.998,0.000) Speed=1038.728
LogZZZAnim: [TurnBack][Snapshot] Phase=2 SecondSegment=1 SubState=2 State=2 Gait=2 ShouldMove=1 InputForwardDot=1.000 ActorDesiredDot=1.000 Velocity=1038.73
LogZZZAnim: [MoveDiag][Intent] Frame=48132 MoveInput=(-1.000,-0.000) ControlRotationYaw=183.33 Forward=(-0.998,-0.058,0.000) Right=(0.058,-0.998,-0.000) DesiredWorldMoveDir=(-0.058,0.998,0.000)
LogZZZAnim: [TurnBack][RotationDiag] Frame=48132 Phase=2 D1=1 Actor=(P0.00 Y93.32 R-0.00) Control=(P358.08 Y183.33 R0.00) VelocityYaw=93.32 AccelYaw=0.00 Desired=(-0.06,1.00,0.00) CurveDir=(0.00,-1.00,0.00) Requested=(-60.25,1036.98,0.00) Flags[Orient=1 ControllerDesired=0 PawnYaw=0] MeshRel=(P-0.00 Y-90.00 R0.00) MeshComp=(P0.00 Y3.32 R-0.00) BoneIndex[Root=176 Bone_Root=1 Bip001=2] BoneCSYaw[Root=180.00 Bone_Root=0.00 Bip001=85.67]
LogZZZAnim: [MoveDiag][RequestDirectMove] Frame=48132 Path=RootMotion TurnBackPhase=2 SecondSegment=1 CurveDirectionSource=RM_VelocityDir CurveDirectionLocal=(0.000,-1.000) DesiredWorldMoveDir=(-0.058,0.998,0.000) RootMotionDelta=(0.000,-23.036,0.000) RequestDirectMoveDir=(-0.058,0.998,0.000) Speed=1038.728
LogZZZAnim: [TurnBack][Snapshot] Phase=2 SecondSegment=1 SubState=2 State=2 Gait=2 ShouldMove=1 InputForwardDot=1.000 ActorDesiredDot=1.000 Velocity=1038.73
LogZZZAnim: [MoveDiag][Intent] Frame=48133 MoveInput=(-1.000,-0.000) ControlRotationYaw=183.33 Forward=(-0.998,-0.058,0.000) Right=(0.058,-0.998,-0.000) DesiredWorldMoveDir=(-0.058,0.998,0.000)
LogZZZAnim: [TurnBack][RotationDiag] Frame=48133 Phase=2 D1=1 Actor=(P0.00 Y93.32 R-0.00) Control=(P358.08 Y183.33 R0.00) VelocityYaw=93.32 AccelYaw=0.00 Desired=(-0.06,1.00,0.00) CurveDir=(0.00,-1.00,0.00) Requested=(-60.25,1036.98,0.00) Flags[Orient=1 ControllerDesired=0 PawnYaw=0] MeshRel=(P-0.00 Y-90.00 R0.00) MeshComp=(P0.00 Y3.32 R-0.00) BoneIndex[Root=176 Bone_Root=1 Bip001=2] BoneCSYaw[Root=180.00 Bone_Root=0.00 Bip001=72.57]
LogZZZAnim: [MoveDiag][RequestDirectMove] Frame=48133 Path=RootMotion TurnBackPhase=2 SecondSegment=1 CurveDirectionSource=RM_VelocityDir CurveDirectionLocal=(0.000,-1.000) DesiredWorldMoveDir=(-0.058,0.998,0.000) RootMotionDelta=(0.000,-26.119,0.000) RequestDirectMoveDir=(-0.058,0.998,0.000) Speed=1038.726
LogZZZAnim: [TurnBack][Snapshot] Phase=2 SecondSegment=1 SubState=2 State=2 Gait=2 ShouldMove=1 InputForwardDot=1.000 ActorDesiredDot=1.000 Velocity=1038.73
LogZZZAnim: [MoveDiag][Intent] Frame=48134 MoveInput=(-1.000,-0.000) ControlRotationYaw=183.33 Forward=(-0.998,-0.058,0.000) Right=(0.058,-0.998,-0.000) DesiredWorldMoveDir=(-0.058,0.998,0.000)
LogZZZAnim: [TurnBack][RotationDiag] Frame=48134 Phase=2 D1=1 Actor=(P0.00 Y93.32 R-0.00) Control=(P358.08 Y183.33 R0.00) VelocityYaw=93.32 AccelYaw=0.00 Desired=(-0.06,1.00,0.00) CurveDir=(0.00,-1.00,0.00) Requested=(-60.25,1036.98,0.00) Flags[Orient=1 ControllerDesired=0 PawnYaw=0] MeshRel=(P-0.00 Y-90.00 R0.00) MeshComp=(P0.00 Y3.32 R-0.00) BoneIndex[Root=176 Bone_Root=1 Bip001=2] BoneCSYaw[Root=180.00 Bone_Root=0.00 Bip001=66.13]
LogZZZAnim: [MoveDiag][RequestDirectMove] Frame=48134 Path=RootMotion TurnBackPhase=2 SecondSegment=1 CurveDirectionSource=RM_VelocityDir CurveDirectionLocal=(0.000,-1.000) DesiredWorldMoveDir=(-0.058,0.998,0.000) RootMotionDelta=(0.000,-29.509,0.000) RequestDirectMoveDir=(-0.058,0.998,0.000) Speed=1038.729
LogZZZAnim: [TurnBack][Snapshot] Phase=2 SecondSegment=1 SubState=2 State=2 Gait=2 ShouldMove=1 InputForwardDot=1.000 ActorDesiredDot=1.000 Velocity=1038.73
LogZZZAnim: [MoveDiag][Intent] Frame=48135 MoveInput=(-1.000,-0.000) ControlRotationYaw=183.33 Forward=(-0.998,-0.058,0.000) Right=(0.058,-0.998,-0.000) DesiredWorldMoveDir=(-0.058,0.998,0.000)
LogZZZAnim: [TurnBack][RotationDiag] Frame=48135 Phase=2 D1=1 Actor=(P0.00 Y93.32 R-0.00) Control=(P358.08 Y183.33 R0.00) VelocityYaw=93.32 AccelYaw=0.00 Desired=(-0.06,1.00,0.00) CurveDir=(0.00,-1.00,0.00) Requested=(-60.25,1036.98,0.00) Flags[Orient=1 ControllerDesired=0 PawnYaw=0] MeshRel=(P-0.00 Y-90.00 R0.00) MeshComp=(P0.00 Y3.32 R-0.00) BoneIndex[Root=176 Bone_Root=1 Bip001=2] BoneCSYaw[Root=180.00 Bone_Root=0.00 Bip001=66.89]
LogZZZAnim: [MoveDiag][RequestDirectMove] Frame=48135 Path=RootMotion TurnBackPhase=2 SecondSegment=1 CurveDirectionSource=RM_VelocityDir CurveDirectionLocal=(0.000,-1.000) DesiredWorldMoveDir=(-0.058,0.998,0.000) RootMotionDelta=(0.000,-30.350,0.000) RequestDirectMoveDir=(-0.058,0.998,0.000) Speed=1038.725
LogZZZAnim: [TurnBack][Snapshot] Phase=2 SecondSegment=1 SubState=2 State=2 Gait=2 ShouldMove=1 InputForwardDot=1.000 ActorDesiredDot=1.000 Velocity=1038.73
LogZZZAnim: [MoveDiag][Intent] Frame=48136 MoveInput=(-1.000,-0.000) ControlRotationYaw=183.33 Forward=(-0.998,-0.058,0.000) Right=(0.058,-0.998,-0.000) DesiredWorldMoveDir=(-0.058,0.998,0.000)
LogZZZAnim: [TurnBack][RotationDiag] Frame=48136 Phase=2 D1=1 Actor=(P0.00 Y93.32 R-0.00) Control=(P358.08 Y183.33 R0.00) VelocityYaw=93.32 AccelYaw=0.00 Desired=(-0.06,1.00,0.00) CurveDir=(0.00,-1.00,0.00) Requested=(-60.25,1036.98,0.00) Flags[Orient=1 ControllerDesired=0 PawnYaw=0] MeshRel=(P-0.00 Y-90.00 R0.00) MeshComp=(P0.00 Y3.32 R-0.00) BoneIndex[Root=176 Bone_Root=1 Bip001=2] BoneCSYaw[Root=180.00 Bone_Root=0.00 Bip001=71.42]
LogZZZAnim: [MoveDiag][RequestDirectMove] Frame=48136 Path=RootMotion TurnBackPhase=2 SecondSegment=1 CurveDirectionSource=RM_VelocityDir CurveDirectionLocal=(0.000,-1.000) DesiredWorldMoveDir=(-0.058,0.998,0.000) RootMotionDelta=(0.000,-27.135,0.000) RequestDirectMoveDir=(-0.058,0.998,0.000) Speed=1038.731
LogZZZAnim: [TurnBack][Snapshot] Phase=2 SecondSegment=1 SubState=2 State=2 Gait=2 ShouldMove=1 InputForwardDot=1.000 ActorDesiredDot=1.000 Velocity=1038.73
LogZZZAnim: [MoveDiag][Intent] Frame=48137 MoveInput=(-1.000,-0.000) ControlRotationYaw=183.33 Forward=(-0.998,-0.058,0.000) Right=(0.058,-0.998,-0.000) DesiredWorldMoveDir=(-0.058,0.998,0.000)
LogZZZAnim: [TurnBack][RotationDiag] Frame=48137 Phase=2 D1=1 Actor=(P0.00 Y93.32 R-0.00) Control=(P358.08 Y183.33 R0.00) VelocityYaw=93.32 AccelYaw=0.00 Desired=(-0.06,1.00,0.00) CurveDir=(0.00,-1.00,0.00) Requested=(-60.25,1036.98,0.00) Flags[Orient=1 ControllerDesired=0 PawnYaw=0] MeshRel=(P-0.00 Y-90.00 R0.00) MeshComp=(P0.00 Y3.32 R-0.00) BoneIndex[Root=176 Bone_Root=1 Bip001=2] BoneCSYaw[Root=180.00 Bone_Root=0.00 Bip001=77.73]
LogZZZAnim: [MoveDiag][RequestDirectMove] Frame=48137 Path=RootMotion TurnBackPhase=2 SecondSegment=1 CurveDirectionSource=RM_VelocityDir CurveDirectionLocal=(0.000,-1.000) DesiredWorldMoveDir=(-0.058,0.998,0.000) RootMotionDelta=(0.000,-25.984,0.000) RequestDirectMoveDir=(-0.058,0.998,0.000) Speed=1038.728
LogZZZAnim: [TurnBack][Snapshot] Phase=2 SecondSegment=1 SubState=2 State=2 Gait=2 ShouldMove=1 InputForwardDot=1.000 ActorDesiredDot=1.000 Velocity=1038.73
LogZZZAnim: [MoveDiag][Intent] Frame=48138 MoveInput=(-1.000,-0.000) ControlRotationYaw=183.33 Forward=(-0.998,-0.058,0.000) Right=(0.058,-0.998,-0.000) DesiredWorldMoveDir=(-0.058,0.998,0.000)
LogZZZAnim: [TurnBack][RotationDiag] Frame=48138 Phase=2 D1=1 Actor=(P0.00 Y93.32 R-0.00) Control=(P358.08 Y183.33 R0.00) VelocityYaw=93.32 AccelYaw=0.00 Desired=(-0.06,1.00,0.00) CurveDir=(0.00,-1.00,0.00) Requested=(-60.26,1037.20,0.00) Flags[Orient=1 ControllerDesired=0 PawnYaw=0] MeshRel=(P-0.00 Y-90.00 R0.00) MeshComp=(P0.00 Y3.32 R-0.00) BoneIndex[Root=176 Bone_Root=1 Bip001=2] BoneCSYaw[Root=180.00 Bone_Root=0.00 Bip001=86.92]
LogZZZAnim: [MoveDiag][RequestDirectMove] Frame=48138 Path=RootMotion TurnBackPhase=2 SecondSegment=1 CurveDirectionSource=RM_VelocityDir CurveDirectionLocal=(0.000,-1.000) DesiredWorldMoveDir=(-0.058,0.998,0.000) RootMotionDelta=(0.000,-24.771,0.000) RequestDirectMoveDir=(-0.058,0.998,0.000) Speed=1038.948
LogZZZAnim: [TurnBack][Snapshot] Phase=2 SecondSegment=1 SubState=2 State=2 Gait=2 ShouldMove=1 InputForwardDot=1.000 ActorDesiredDot=1.000 Velocity=1038.73
LogZZZAnim: [MoveDiag][Intent] Frame=48139 MoveInput=(-1.000,-0.000) ControlRotationYaw=183.33 Forward=(-0.998,-0.058,0.000) Right=(0.058,-0.998,-0.000) DesiredWorldMoveDir=(-0.058,0.998,0.000)
LogZZZAnim: [TurnBack][RotationDiag] Frame=48139 Phase=2 D1=1 Actor=(P0.00 Y93.32 R-0.00) Control=(P358.08 Y183.33 R0.00) VelocityYaw=93.32 AccelYaw=0.00 Desired=(-0.06,1.00,0.00) CurveDir=(0.00,-1.00,0.00) Requested=(-60.25,1036.98,0.00) Flags[Orient=1 ControllerDesired=0 PawnYaw=0] MeshRel=(P-0.00 Y-90.00 R0.00) MeshComp=(P0.00 Y3.32 R-0.00) BoneIndex[Root=176 Bone_Root=1 Bip001=2] BoneCSYaw[Root=180.00 Bone_Root=0.00 Bip001=97.39]
LogZZZAnim: [MoveDiag][RequestDirectMove] Frame=48139 Path=RootMotion TurnBackPhase=2 SecondSegment=1 CurveDirectionSource=RM_VelocityDir CurveDirectionLocal=(0.000,-1.000) DesiredWorldMoveDir=(-0.058,0.998,0.000) RootMotionDelta=(0.000,-26.415,0.000) RequestDirectMoveDir=(-0.058,0.998,0.000) Speed=1038.729
LogZZZAnim: [TurnBack][Snapshot] Phase=2 SecondSegment=1 SubState=2 State=2 Gait=2 ShouldMove=1 InputForwardDot=1.000 ActorDesiredDot=1.000 Velocity=1038.95
LogZZZAnim: [MoveDiag][Intent] Frame=48140 MoveInput=(-1.000,-0.000) ControlRotationYaw=183.33 Forward=(-0.998,-0.058,0.000) Right=(0.058,-0.998,-0.000) DesiredWorldMoveDir=(-0.058,0.998,0.000)
LogZZZAnim: [TurnBack][RotationDiag] Frame=48140 Phase=2 D1=1 Actor=(P0.00 Y93.32 R-0.00) Control=(P358.08 Y183.33 R0.00) VelocityYaw=93.32 AccelYaw=0.00 Desired=(-0.06,1.00,0.00) CurveDir=(0.00,-1.00,0.00) Requested=(-60.25,1036.98,0.00) Flags[Orient=1 ControllerDesired=0 PawnYaw=0] MeshRel=(P-0.00 Y-90.00 R0.00) MeshComp=(P0.00 Y3.32 R-0.00) BoneIndex[Root=176 Bone_Root=1 Bip001=2] BoneCSYaw[Root=180.00 Bone_Root=0.00 Bip001=108.43]
LogZZZAnim: [MoveDiag][RequestDirectMove] Frame=48140 Path=RootMotion TurnBackPhase=2 SecondSegment=1 CurveDirectionSource=RM_VelocityDir CurveDirectionLocal=(0.000,-1.000) DesiredWorldMoveDir=(-0.058,0.998,0.000) RootMotionDelta=(0.000,-23.769,0.000) RequestDirectMoveDir=(-0.058,0.998,0.000) Speed=1038.729
LogZZZAnim: [TurnBack][Snapshot] Phase=2 SecondSegment=1 SubState=2 State=2 Gait=2 ShouldMove=1 InputForwardDot=1.000 ActorDesiredDot=1.000 Velocity=1038.73
LogZZZAnim: [MoveDiag][Intent] Frame=48141 MoveInput=(-1.000,-0.000) ControlRotationYaw=183.33 Forward=(-0.998,-0.058,0.000) Right=(0.058,-0.998,-0.000) DesiredWorldMoveDir=(-0.058,0.998,0.000)
LogZZZAnim: [TurnBack][RotationDiag] Frame=48141 Phase=2 D1=1 Actor=(P0.00 Y93.32 R-0.00) Control=(P358.08 Y183.33 R0.00) VelocityYaw=93.32 AccelYaw=0.00 Desired=(-0.06,1.00,0.00) CurveDir=(0.00,-1.00,0.00) Requested=(-60.25,1036.98,0.00) Flags[Orient=1 ControllerDesired=0 PawnYaw=0] MeshRel=(P-0.00 Y-90.00 R0.00) MeshComp=(P0.00 Y3.32 R-0.00) BoneIndex[Root=176 Bone_Root=1 Bip001=2] BoneCSYaw[Root=180.00 Bone_Root=0.00 Bip001=115.40]
LogZZZAnim: [MoveDiag][RequestDirectMove] Frame=48141 Path=RootMotion TurnBackPhase=2 SecondSegment=1 CurveDirectionSource=RM_VelocityDir CurveDirectionLocal=(0.000,-1.000) DesiredWorldMoveDir=(-0.058,0.998,0.000) RootMotionDelta=(0.000,-23.031,0.000) RequestDirectMoveDir=(-0.058,0.998,0.000) Speed=1038.727
LogZZZAnim: [TurnBack][Snapshot] Phase=2 SecondSegment=1 SubState=2 State=2 Gait=2 ShouldMove=1 InputForwardDot=1.000 ActorDesiredDot=1.000 Velocity=1038.73
LogZZZAnim: [MoveDiag][Intent] Frame=48142 MoveInput=(-1.000,-0.000) ControlRotationYaw=183.33 Forward=(-0.998,-0.058,0.000) Right=(0.058,-0.998,-0.000) DesiredWorldMoveDir=(-0.058,0.998,0.000)
LogZZZAnim: [TurnBack][RotationDiag] Frame=48142 Phase=2 D1=1 Actor=(P0.00 Y93.32 R-0.00) Control=(P358.08 Y183.33 R0.00) VelocityYaw=93.32 AccelYaw=0.00 Desired=(-0.06,1.00,0.00) CurveDir=(0.00,-1.00,0.00) Requested=(-60.25,1036.98,0.00) Flags[Orient=1 ControllerDesired=0 PawnYaw=0] MeshRel=(P-0.00 Y-90.00 R0.00) MeshComp=(P0.00 Y3.32 R-0.00) BoneIndex[Root=176 Bone_Root=1 Bip001=2] BoneCSYaw[Root=180.00 Bone_Root=0.00 Bip001=116.58]
LogZZZAnim: [MoveDiag][RequestDirectMove] Frame=48142 Path=RootMotion TurnBackPhase=2 SecondSegment=1 CurveDirectionSource=RM_VelocityDir CurveDirectionLocal=(0.000,-1.000) DesiredWorldMoveDir=(-0.058,0.998,0.000) RootMotionDelta=(0.000,-20.856,0.000) RequestDirectMoveDir=(-0.058,0.998,0.000) Speed=1038.728
LogZZZAnim: [TurnBack][Snapshot] Phase=2 SecondSegment=1 SubState=2 State=2 Gait=2 ShouldMove=1 InputForwardDot=1.000 ActorDesiredDot=1.000 Velocity=1038.73
LogZZZAnim: [MoveDiag][Intent] Frame=48143 MoveInput=(-1.000,-0.000) ControlRotationYaw=183.33 Forward=(-0.998,-0.058,0.000) Right=(0.058,-0.998,-0.000) DesiredWorldMoveDir=(-0.058,0.998,0.000)
LogZZZAnim: [TurnBack][RotationDiag] Frame=48143 Phase=2 D1=1 Actor=(P0.00 Y93.32 R-0.00) Control=(P358.08 Y183.33 R0.00) VelocityYaw=93.32 AccelYaw=0.00 Desired=(-0.06,1.00,0.00) CurveDir=(0.00,-1.00,0.00) Requested=(-60.25,1036.98,0.00) Flags[Orient=1 ControllerDesired=0 PawnYaw=0] MeshRel=(P-0.00 Y-90.00 R0.00) MeshComp=(P0.00 Y3.32 R-0.00) BoneIndex[Root=176 Bone_Root=1 Bip001=2] BoneCSYaw[Root=180.00 Bone_Root=0.00 Bip001=114.97]
LogZZZAnim: [MoveDiag][RequestDirectMove] Frame=48143 Path=RootMotion TurnBackPhase=2 SecondSegment=1 CurveDirectionSource=RM_VelocityDir CurveDirectionLocal=(0.000,-1.000) DesiredWorldMoveDir=(-0.058,0.998,0.000) RootMotionDelta=(0.000,-19.660,0.000) RequestDirectMoveDir=(-0.058,0.998,0.000) Speed=1038.729
LogZZZAnim: [TurnBack][Snapshot] Phase=2 SecondSegment=1 SubState=2 State=2 Gait=2 ShouldMove=1 InputForwardDot=1.000 ActorDesiredDot=1.000 Velocity=1038.73
LogZZZAnim: [MoveDiag][Intent] Frame=48144 MoveInput=(-1.000,-0.000) ControlRotationYaw=183.33 Forward=(-0.998,-0.058,0.000) Right=(0.058,-0.998,-0.000) DesiredWorldMoveDir=(-0.058,0.998,0.000)
LogZZZAnim: [TurnBack][RotationDiag] Frame=48144 Phase=2 D1=1 Actor=(P0.00 Y93.32 R-0.00) Control=(P358.08 Y183.33 R0.00) VelocityYaw=93.32 AccelYaw=0.00 Desired=(-0.06,1.00,0.00) CurveDir=(0.00,-1.00,0.00) Requested=(-60.25,1036.98,0.00) Flags[Orient=1 ControllerDesired=0 PawnYaw=0] MeshRel=(P-0.00 Y-90.00 R0.00) MeshComp=(P0.00 Y3.32 R-0.00) BoneIndex[Root=176 Bone_Root=1 Bip001=2] BoneCSYaw[Root=180.00 Bone_Root=0.00 Bip001=109.76]
LogZZZAnim: [MoveDiag][RequestDirectMove] Frame=48144 Path=RootMotion TurnBackPhase=2 SecondSegment=1 CurveDirectionSource=RM_VelocityDir CurveDirectionLocal=(0.000,-1.000) DesiredWorldMoveDir=(-0.058,0.998,0.000) RootMotionDelta=(0.000,-21.945,0.000) RequestDirectMoveDir=(-0.058,0.998,0.000) Speed=1038.727
LogZZZAnim: [TurnBack][Snapshot] Phase=2 SecondSegment=1 SubState=2 State=2 Gait=2 ShouldMove=1 InputForwardDot=1.000 ActorDesiredDot=1.000 Velocity=1038.73
LogZZZAnim: [MoveDiag][Intent] Frame=48145 MoveInput=(-1.000,-0.000) ControlRotationYaw=183.33 Forward=(-0.998,-0.058,0.000) Right=(0.058,-0.998,-0.000) DesiredWorldMoveDir=(-0.058,0.998,0.000)
LogZZZAnim: [TurnBack][RotationDiag] Frame=48145 Phase=2 D1=1 Actor=(P0.00 Y93.32 R-0.00) Control=(P358.08 Y183.33 R0.00) VelocityYaw=93.32 AccelYaw=0.00 Desired=(-0.06,1.00,0.00) CurveDir=(0.00,-1.00,0.00) Requested=(-60.25,1036.98,0.00) Flags[Orient=1 ControllerDesired=0 PawnYaw=0] MeshRel=(P-0.00 Y-90.00 R0.00) MeshComp=(P0.00 Y3.32 R-0.00) BoneIndex[Root=176 Bone_Root=1 Bip001=2] BoneCSYaw[Root=180.00 Bone_Root=0.00 Bip001=103.39]
LogZZZAnim: [MoveDiag][RequestDirectMove] Frame=48145 Path=RootMotion TurnBackPhase=2 SecondSegment=1 CurveDirectionSource=RM_VelocityDir CurveDirectionLocal=(0.000,-1.000) DesiredWorldMoveDir=(-0.058,0.998,0.000) RootMotionDelta=(0.000,-23.917,0.000) RequestDirectMoveDir=(-0.058,0.998,0.000) Speed=1038.729
LogZZZAnim: [TurnBack][Snapshot] Phase=2 SecondSegment=1 SubState=2 State=2 Gait=2 ShouldMove=1 InputForwardDot=1.000 ActorDesiredDot=1.000 Velocity=1038.73
LogZZZAnim: [MoveDiag][Intent] Frame=48146 MoveInput=(-1.000,-0.000) ControlRotationYaw=183.33 Forward=(-0.998,-0.058,0.000) Right=(0.058,-0.998,-0.000) DesiredWorldMoveDir=(-0.058,0.998,0.000)
LogZZZAnim: [TurnBack][RotationDiag] Frame=48146 Phase=2 D1=1 Actor=(P0.00 Y93.32 R-0.00) Control=(P358.08 Y183.33 R0.00) VelocityYaw=93.32 AccelYaw=0.00 Desired=(-0.06,1.00,0.00) CurveDir=(0.00,-1.00,0.00) Requested=(-60.25,1036.98,0.00) Flags[Orient=1 ControllerDesired=0 PawnYaw=0] MeshRel=(P-0.00 Y-90.00 R0.00) MeshComp=(P0.00 Y3.32 R-0.00) BoneIndex[Root=176 Bone_Root=1 Bip001=2] BoneCSYaw[Root=180.00 Bone_Root=0.00 Bip001=101.07]
LogZZZAnim: [MoveDiag][RequestDirectMove] Frame=48146 Path=RootMotion TurnBackPhase=2 SecondSegment=1 CurveDirectionSource=RM_VelocityDir CurveDirectionLocal=(0.000,-1.000) DesiredWorldMoveDir=(-0.058,0.998,0.000) RootMotionDelta=(0.000,-28.019,0.000) RequestDirectMoveDir=(-0.058,0.998,0.000) Speed=1038.729
LogZZZAnim: [TurnBack][Snapshot] Phase=2 SecondSegment=1 SubState=2 State=2 Gait=2 ShouldMove=1 InputForwardDot=1.000 ActorDesiredDot=1.000 Velocity=1038.73
LogZZZAnim: [MoveDiag][Intent] Frame=48147 MoveInput=(-1.000,-0.000) ControlRotationYaw=183.33 Forward=(-0.998,-0.058,0.000) Right=(0.058,-0.998,-0.000) DesiredWorldMoveDir=(-0.058,0.998,0.000)
LogZZZAnim: [TurnBack][RotationDiag] Frame=48147 Phase=2 D1=1 Actor=(P0.00 Y93.32 R-0.00) Control=(P358.08 Y183.33 R0.00) VelocityYaw=93.32 AccelYaw=0.00 Desired=(-0.06,1.00,0.00) CurveDir=(0.00,-1.00,0.00) Requested=(-60.25,1036.98,0.00) Flags[Orient=1 ControllerDesired=0 PawnYaw=0] MeshRel=(P-0.00 Y-90.00 R0.00) MeshComp=(P0.00 Y3.32 R-0.00) BoneIndex[Root=176 Bone_Root=1 Bip001=2] BoneCSYaw[Root=180.00 Bone_Root=0.00 Bip001=98.94]
LogZZZAnim: [MoveDiag][RequestDirectMove] Frame=48147 Path=RootMotion TurnBackPhase=2 SecondSegment=1 CurveDirectionSource=RM_VelocityDir CurveDirectionLocal=(0.000,-1.000) DesiredWorldMoveDir=(-0.058,0.998,0.000) RootMotionDelta=(0.000,-24.727,0.000) RequestDirectMoveDir=(-0.058,0.998,0.000) Speed=1038.729
LogZZZAnim: [TurnBack][Snapshot] Phase=2 SecondSegment=1 SubState=2 State=2 Gait=2 ShouldMove=1 InputForwardDot=1.000 ActorDesiredDot=1.000 Velocity=1038.73
LogZZZAnim: [MoveDiag][Intent] Frame=48148 MoveInput=(-1.000,-0.000) ControlRotationYaw=183.33 Forward=(-0.998,-0.058,0.000) Right=(0.058,-0.998,-0.000) DesiredWorldMoveDir=(-0.058,0.998,0.000)
LogZZZAnim: [TurnBack][RotationDiag] Frame=48148 Phase=2 D1=1 Actor=(P0.00 Y93.32 R-0.00) Control=(P358.08 Y183.33 R0.00) VelocityYaw=93.32 AccelYaw=0.00 Desired=(-0.06,1.00,0.00) CurveDir=(0.00,-1.00,0.00) Requested=(-60.25,1036.98,0.00) Flags[Orient=1 ControllerDesired=0 PawnYaw=0] MeshRel=(P-0.00 Y-90.00 R0.00) MeshComp=(P0.00 Y3.32 R-0.00) BoneIndex[Root=176 Bone_Root=1 Bip001=2] BoneCSYaw[Root=180.00 Bone_Root=0.00 Bip001=93.19]
LogZZZAnim: [MoveDiag][RequestDirectMove] Frame=48148 Path=RootMotion TurnBackPhase=2 SecondSegment=1 CurveDirectionSource=RM_VelocityDir CurveDirectionLocal=(0.000,-1.000) DesiredWorldMoveDir=(-0.058,0.998,0.000) RootMotionDelta=(0.000,-25.198,0.000) RequestDirectMoveDir=(-0.058,0.998,0.000) Speed=1038.729
LogZZZAnim: [TurnBack][Snapshot] Phase=2 SecondSegment=1 SubState=2 State=2 Gait=2 ShouldMove=1 InputForwardDot=1.000 ActorDesiredDot=1.000 Velocity=1038.73
LogZZZAnim: [MoveDiag][Intent] Frame=48149 MoveInput=(-1.000,-0.000) ControlRotationYaw=183.33 Forward=(-0.998,-0.058,0.000) Right=(0.058,-0.998,-0.000) DesiredWorldMoveDir=(-0.058,0.998,0.000)
LogZZZAnim: [TurnBack][RotationDiag] Frame=48149 Phase=2 D1=1 Actor=(P0.00 Y93.32 R-0.00) Control=(P358.08 Y183.33 R0.00) VelocityYaw=93.32 AccelYaw=0.00 Desired=(-0.06,1.00,0.00) CurveDir=(0.00,-1.00,0.00) Requested=(-60.25,1036.97,0.00) Flags[Orient=1 ControllerDesired=0 PawnYaw=0] MeshRel=(P-0.00 Y-90.00 R0.00) MeshComp=(P0.00 Y3.32 R-0.00) BoneIndex[Root=176 Bone_Root=1 Bip001=2] BoneCSYaw[Root=180.00 Bone_Root=0.00 Bip001=76.55]
LogZZZAnim: [MoveDiag][RequestDirectMove] Frame=48149 Path=RootMotion TurnBackPhase=2 SecondSegment=1 CurveDirectionSource=RM_VelocityDir CurveDirectionLocal=(0.000,-1.000) DesiredWorldMoveDir=(-0.058,0.998,0.000) RootMotionDelta=(0.000,-30.266,0.000) RequestDirectMoveDir=(-0.058,0.998,0.000) Speed=1038.722
LogZZZAnim: [TurnBack][Snapshot] Phase=2 SecondSegment=1 SubState=2 State=2 Gait=2 ShouldMove=1 InputForwardDot=1.000 ActorDesiredDot=1.000 Velocity=1038.73
LogZZZAnim: [MoveDiag][Intent] Frame=48150 MoveInput=(-1.000,-0.000) ControlRotationYaw=183.33 Forward=(-0.998,-0.058,0.000) Right=(0.058,-0.998,-0.000) DesiredWorldMoveDir=(-0.058,0.998,0.000)
LogZZZAnim: [TurnBack][RotationDiag] Frame=48150 Phase=2 D1=1 Actor=(P0.00 Y93.32 R-0.00) Control=(P358.08 Y183.33 R0.00) VelocityYaw=93.32 AccelYaw=0.00 Desired=(-0.06,1.00,0.00) CurveDir=(0.00,-1.00,0.00) Requested=(-60.24,1036.89,0.00) Flags[Orient=1 ControllerDesired=0 PawnYaw=0] MeshRel=(P-0.00 Y-90.00 R0.00) MeshComp=(P0.00 Y3.32 R-0.00) BoneIndex[Root=176 Bone_Root=1 Bip001=2] BoneCSYaw[Root=180.00 Bone_Root=0.00 Bip001=67.62]
LogZZZAnim: [MoveDiag][RequestDirectMove] Frame=48150 Path=RootMotion TurnBackPhase=2 SecondSegment=1 CurveDirectionSource=RM_VelocityDir CurveDirectionLocal=(0.000,-1.000) DesiredWorldMoveDir=(-0.058,0.998,0.000) RootMotionDelta=(0.000,-29.403,0.000) RequestDirectMoveDir=(-0.058,0.998,0.000) Speed=1038.642
LogZZZAnim: [TurnBack][Snapshot] Phase=2 SecondSegment=1 SubState=2 State=2 Gait=2 ShouldMove=1 InputForwardDot=1.000 ActorDesiredDot=1.000 Velocity=1038.72
LogZZZAnim: [MoveDiag][Intent] Frame=48151 MoveInput=(-1.000,-0.000) ControlRotationYaw=183.33 Forward=(-0.998,-0.058,0.000) Right=(0.058,-0.998,-0.000) DesiredWorldMoveDir=(-0.058,0.998,0.000)
LogZZZAnim: [TurnBack][RotationDiag] Frame=48151 Phase=2 D1=1 Actor=(P0.00 Y93.32 R-0.00) Control=(P358.08 Y183.33 R0.00) VelocityYaw=93.32 AccelYaw=0.00 Desired=(-0.06,1.00,0.00) CurveDir=(0.00,-1.00,0.00) Requested=(-60.22,1036.53,0.00) Flags[Orient=1 ControllerDesired=0 PawnYaw=0] MeshRel=(P-0.00 Y-90.00 R0.00) MeshComp=(P0.00 Y3.32 R-0.00) BoneIndex[Root=176 Bone_Root=1 Bip001=2] BoneCSYaw[Root=180.00 Bone_Root=0.00 Bip001=65.75]
LogZZZAnim: [MoveDiag][RequestDirectMove] Frame=48151 Path=RootMotion TurnBackPhase=2 SecondSegment=1 CurveDirectionSource=RM_VelocityDir CurveDirectionLocal=(0.000,-1.000) DesiredWorldMoveDir=(-0.058,0.998,0.000) RootMotionDelta=(0.000,-27.242,0.000) RequestDirectMoveDir=(-0.058,0.998,0.000) Speed=1038.274
LogZZZAnim: [TurnBack][Snapshot] Phase=2 SecondSegment=1 SubState=2 State=2 Gait=2 ShouldMove=1 InputForwardDot=1.000 ActorDesiredDot=1.000 Velocity=1038.64
LogZZZAnim: [MoveDiag][Intent] Frame=48152 MoveInput=(-1.000,-0.000) ControlRotationYaw=183.33 Forward=(-0.998,-0.058,0.000) Right=(0.058,-0.998,-0.000) DesiredWorldMoveDir=(-0.058,0.998,0.000)
LogZZZAnim: [TurnBack][RotationDiag] Frame=48152 Phase=2 D1=1 Actor=(P0.00 Y93.32 R-0.00) Control=(P358.08 Y183.33 R0.00) VelocityYaw=93.32 AccelYaw=0.00 Desired=(-0.06,1.00,0.00) CurveDir=(0.00,-1.00,0.00) Requested=(-60.25,1036.99,0.00) Flags[Orient=1 ControllerDesired=0 PawnYaw=0] MeshRel=(P-0.00 Y-90.00 R0.00) MeshComp=(P0.00 Y3.32 R-0.00) BoneIndex[Root=176 Bone_Root=1 Bip001=2] BoneCSYaw[Root=180.00 Bone_Root=0.00 Bip001=68.42]
LogZZZAnim: [MoveDiag][RequestDirectMove] Frame=48152 Path=RootMotion TurnBackPhase=2 SecondSegment=1 CurveDirectionSource=RM_VelocityDir CurveDirectionLocal=(0.000,-1.000) DesiredWorldMoveDir=(-0.058,0.998,0.000) RootMotionDelta=(0.000,-23.028,0.000) RequestDirectMoveDir=(-0.058,0.998,0.000) Speed=1038.741
LogZZZAnim: [TurnBack][Snapshot] Phase=2 SecondSegment=1 SubState=2 State=2 Gait=2 ShouldMove=1 InputForwardDot=1.000 ActorDesiredDot=1.000 Velocity=1038.27
LogZZZAnim: [MoveDiag][Intent] Frame=48153 MoveInput=(-1.000,-0.000) ControlRotationYaw=183.33 Forward=(-0.998,-0.058,0.000) Right=(0.058,-0.998,-0.000) DesiredWorldMoveDir=(-0.058,0.998,0.000)
LogZZZAnim: [TurnBack][RotationDiag] Frame=48153 Phase=2 D1=1 Actor=(P0.00 Y93.32 R-0.00) Control=(P358.08 Y183.33 R0.00) VelocityYaw=93.32 AccelYaw=0.00 Desired=(-0.06,1.00,0.00) CurveDir=(0.00,-1.00,0.00) Requested=(-60.25,1037.10,0.00) Flags[Orient=1 ControllerDesired=0 PawnYaw=0] MeshRel=(P-0.00 Y-90.00 R0.00) MeshComp=(P0.00 Y3.32 R-0.00) BoneIndex[Root=176 Bone_Root=1 Bip001=2] BoneCSYaw[Root=180.00 Bone_Root=0.00 Bip001=72.14]
LogZZZAnim: [MoveDiag][RequestDirectMove] Frame=48153 Path=RootMotion TurnBackPhase=2 SecondSegment=1 CurveDirectionSource=RM_VelocityDir CurveDirectionLocal=(0.000,-1.000) DesiredWorldMoveDir=(-0.058,0.998,0.000) RootMotionDelta=(0.000,-21.157,0.000) RequestDirectMoveDir=(-0.058,0.998,0.000) Speed=1038.850
LogZZZAnim: [TurnBack][Snapshot] Phase=2 SecondSegment=1 SubState=2 State=2 Gait=2 ShouldMove=1 InputForwardDot=1.000 ActorDesiredDot=1.000 Velocity=1038.74
LogZZZAnim: [MoveDiag][Intent] Frame=48154 MoveInput=(-1.000,-0.000) ControlRotationYaw=183.33 Forward=(-0.998,-0.058,0.000) Right=(0.058,-0.998,-0.000) DesiredWorldMoveDir=(-0.058,0.998,0.000)
LogZZZAnim: [TurnBack][RotationDiag] Frame=48154 Phase=2 D1=1 Actor=(P0.00 Y93.32 R-0.00) Control=(P358.08 Y183.33 R0.00) VelocityYaw=93.32 AccelYaw=0.00 Desired=(-0.06,1.00,0.00) CurveDir=(0.00,-1.00,0.00) Requested=(-60.22,1036.53,0.00) Flags[Orient=1 ControllerDesired=0 PawnYaw=0] MeshRel=(P-0.00 Y-90.00 R0.00) MeshComp=(P0.00 Y3.32 R-0.00) BoneIndex[Root=176 Bone_Root=1 Bip001=2] BoneCSYaw[Root=180.00 Bone_Root=0.00 Bip001=78.74]
LogZZZAnim: [MoveDiag][RequestDirectMove] Frame=48154 Path=RootMotion TurnBackPhase=2 SecondSegment=1 CurveDirectionSource=RM_VelocityDir CurveDirectionLocal=(0.000,-1.000) DesiredWorldMoveDir=(-0.058,0.998,0.000) RootMotionDelta=(0.000,-25.096,0.000) RequestDirectMoveDir=(-0.058,0.998,0.000) Speed=1038.282
LogZZZAnim: [TurnBack][Snapshot] Phase=2 SecondSegment=1 SubState=2 State=2 Gait=2 ShouldMove=1 InputForwardDot=1.000 ActorDesiredDot=1.000 Velocity=1038.85
LogZZZAnim: [MoveDiag][Intent] Frame=48155 MoveInput=(-1.000,-0.000) ControlRotationYaw=183.33 Forward=(-0.998,-0.058,0.000) Right=(0.058,-0.998,-0.000) DesiredWorldMoveDir=(-0.058,0.998,0.000)
LogZZZAnim: [TurnBack][RotationDiag] Frame=48155 Phase=2 D1=1 Actor=(P0.00 Y93.32 R-0.00) Control=(P358.08 Y183.33 R0.00) VelocityYaw=93.32 AccelYaw=0.00 Desired=(-0.06,1.00,0.00) CurveDir=(0.00,-1.00,0.00) Requested=(-60.23,1036.63,0.00) Flags[Orient=1 ControllerDesired=0 PawnYaw=0] MeshRel=(P-0.00 Y-90.00 R0.00) MeshComp=(P0.00 Y3.32 R-0.00) BoneIndex[Root=176 Bone_Root=1 Bip001=2] BoneCSYaw[Root=180.00 Bone_Root=0.00 Bip001=89.84]
LogZZZAnim: [MoveDiag][RequestDirectMove] Frame=48155 Path=RootMotion TurnBackPhase=2 SecondSegment=1 CurveDirectionSource=RM_VelocityDir CurveDirectionLocal=(0.000,-1.000) DesiredWorldMoveDir=(-0.058,0.998,0.000) RootMotionDelta=(0.000,-29.093,0.000) RequestDirectMoveDir=(-0.058,0.998,0.000) Speed=1038.379
LogZZZAnim: [TurnBack][Snapshot] Phase=2 SecondSegment=1 SubState=2 State=2 Gait=2 ShouldMove=1 InputForwardDot=1.000 ActorDesiredDot=1.000 Velocity=1038.28
LogZZZAnim: [MoveDiag][Intent] Frame=48156 MoveInput=(-1.000,-0.000) ControlRotationYaw=183.33 Forward=(-0.998,-0.058,0.000) Right=(0.058,-0.998,-0.000) DesiredWorldMoveDir=(-0.058,0.998,0.000)
LogZZZAnim: [TurnBack][RotationDiag] Frame=48156 Phase=2 D1=1 Actor=(P0.00 Y93.32 R-0.00) Control=(P358.08 Y183.33 R0.00) VelocityYaw=93.32 AccelYaw=0.00 Desired=(-0.06,1.00,0.00) CurveDir=(0.00,-1.00,0.00) Requested=(-60.23,1036.69,0.00) Flags[Orient=1 ControllerDesired=0 PawnYaw=0] MeshRel=(P-0.00 Y-90.00 R0.00) MeshComp=(P0.00 Y3.32 R-0.00) BoneIndex[Root=176 Bone_Root=1 Bip001=2] BoneCSYaw[Root=180.00 Bone_Root=0.00 Bip001=104.34]
LogZZZAnim: [MoveDiag][RequestDirectMove] Frame=48156 Path=RootMotion TurnBackPhase=2 SecondSegment=1 CurveDirectionSource=RM_VelocityDir CurveDirectionLocal=(0.000,-1.000) DesiredWorldMoveDir=(-0.058,0.998,0.000) RootMotionDelta=(0.000,-33.752,0.000) RequestDirectMoveDir=(-0.058,0.998,0.000) Speed=1038.434
LogZZZAnim: [TurnBack][Snapshot] Phase=2 SecondSegment=1 SubState=2 State=2 Gait=2 ShouldMove=1 InputForwardDot=1.000 ActorDesiredDot=1.000 Velocity=1038.38
LogZZZAnim: [MoveDiag][Intent] Frame=48157 MoveInput=(-1.000,-0.000) ControlRotationYaw=183.33 Forward=(-0.998,-0.058,0.000) Right=(0.058,-0.998,-0.000) DesiredWorldMoveDir=(-0.058,0.998,0.000)
LogZZZAnim: [TurnBack][RotationDiag] Frame=48157 Phase=2 D1=1 Actor=(P0.00 Y93.32 R-0.00) Control=(P358.08 Y183.33 R0.00) VelocityYaw=93.32 AccelYaw=0.00 Desired=(-0.06,1.00,0.00) CurveDir=(0.00,-1.00,0.00) Requested=(-60.25,1037.08,0.00) Flags[Orient=1 ControllerDesired=0 PawnYaw=0] MeshRel=(P-0.00 Y-90.00 R0.00) MeshComp=(P0.00 Y3.32 R-0.00) BoneIndex[Root=176 Bone_Root=1 Bip001=2] BoneCSYaw[Root=180.00 Bone_Root=0.00 Bip001=114.78]
LogZZZAnim: [MoveDiag][RequestDirectMove] Frame=48157 Path=RootMotion TurnBackPhase=2 SecondSegment=1 CurveDirectionSource=RM_VelocityDir CurveDirectionLocal=(0.000,-1.000) DesiredWorldMoveDir=(-0.058,0.998,0.000) RootMotionDelta=(0.000,-27.982,0.000) RequestDirectMoveDir=(-0.058,0.998,0.000) Speed=1038.830
LogZZZAnim: [TurnBack][Snapshot] Phase=2 SecondSegment=1 SubState=2 State=2 Gait=2 ShouldMove=1 InputForwardDot=1.000 ActorDesiredDot=1.000 Velocity=1038.43
LogZZZAnim: [MoveDiag][Intent] Frame=48158 MoveInput=(-1.000,-0.000) ControlRotationYaw=183.33 Forward=(-0.998,-0.058,0.000) Right=(0.058,-0.998,-0.000) DesiredWorldMoveDir=(-0.058,0.998,0.000)
LogZZZAnim: [TurnBack][RotationDiag] Frame=48158 Phase=2 D1=1 Actor=(P0.00 Y93.32 R-0.00) Control=(P358.08 Y183.33 R0.00) VelocityYaw=93.32 AccelYaw=0.00 Desired=(-0.06,1.00,0.00) CurveDir=(0.00,-1.00,0.00) Requested=(-60.25,1037.06,0.00) Flags[Orient=1 ControllerDesired=0 PawnYaw=0] MeshRel=(P-0.00 Y-90.00 R0.00) MeshComp=(P0.00 Y3.32 R-0.00) BoneIndex[Root=176 Bone_Root=1 Bip001=2] BoneCSYaw[Root=180.00 Bone_Root=0.00 Bip001=115.93]
LogZZZAnim: [MoveDiag][RequestDirectMove] Frame=48158 Path=RootMotion TurnBackPhase=2 SecondSegment=1 CurveDirectionSource=RM_VelocityDir CurveDirectionLocal=(0.000,-1.000) DesiredWorldMoveDir=(-0.058,0.998,0.000) RootMotionDelta=(0.000,-35.045,0.000) RequestDirectMoveDir=(-0.058,0.998,0.000) Speed=1038.805
LogZZZAnim: [TurnBack][Snapshot] Phase=2 SecondSegment=1 SubState=2 State=2 Gait=2 ShouldMove=1 InputForwardDot=1.000 ActorDesiredDot=1.000 Velocity=1038.83
LogZZZAnim: [MoveDiag][Intent] Frame=48159 MoveInput=(-1.000,-0.000) ControlRotationYaw=183.33 Forward=(-0.998,-0.058,0.000) Right=(0.058,-0.998,-0.000) DesiredWorldMoveDir=(-0.058,0.998,0.000)
LogZZZAnim: [TurnBack][RotationDiag] Frame=48159 Phase=2 D1=1 Actor=(P0.00 Y93.32 R-0.00) Control=(P358.08 Y183.33 R0.00) VelocityYaw=93.32 AccelYaw=0.00 Desired=(-0.06,1.00,0.00) CurveDir=(0.00,-1.00,0.00) Requested=(-60.26,1037.30,0.00) Flags[Orient=1 ControllerDesired=0 PawnYaw=0] MeshRel=(P-0.00 Y-90.00 R0.00) MeshComp=(P0.00 Y3.32 R-0.00) BoneIndex[Root=176 Bone_Root=1 Bip001=2] BoneCSYaw[Root=180.00 Bone_Root=0.00 Bip001=110.34]
LogZZZAnim: [MoveDiag][RequestDirectMove] Frame=48159 Path=RootMotion TurnBackPhase=2 SecondSegment=1 CurveDirectionSource=RM_VelocityDir CurveDirectionLocal=(0.000,-1.000) DesiredWorldMoveDir=(-0.058,0.998,0.000) RootMotionDelta=(0.000,-30.618,0.000) RequestDirectMoveDir=(-0.058,0.998,0.000) Speed=1039.047
LogZZZAnim: [TurnBack][Snapshot] Phase=2 SecondSegment=1 SubState=2 State=2 Gait=2 ShouldMove=1 InputForwardDot=1.000 ActorDesiredDot=1.000 Velocity=1038.81
LogZZZAnim: [MoveDiag][Intent] Frame=48160 MoveInput=(-1.000,-0.000) ControlRotationYaw=183.33 Forward=(-0.998,-0.058,0.000) Right=(0.058,-0.998,-0.000) DesiredWorldMoveDir=(-0.058,0.998,0.000)
LogZZZAnim: [TurnBack][RotationDiag] Frame=48160 Phase=2 D1=1 Actor=(P0.00 Y93.32 R-0.00) Control=(P358.08 Y183.33 R0.00) VelocityYaw=93.32 AccelYaw=0.00 Desired=(-0.06,1.00,0.00) CurveDir=(0.00,-1.00,0.00) Requested=(-60.23,1036.78,0.00) Flags[Orient=1 ControllerDesired=0 PawnYaw=0] MeshRel=(P-0.00 Y-90.00 R0.00) MeshComp=(P0.00 Y3.32 R-0.00) BoneIndex[Root=176 Bone_Root=1 Bip001=2] BoneCSYaw[Root=180.00 Bone_Root=0.00 Bip001=104.60]
LogZZZAnim: [MoveDiag][RequestDirectMove] Frame=48160 Path=RootMotion TurnBackPhase=2 SecondSegment=1 CurveDirectionSource=RM_VelocityDir CurveDirectionLocal=(0.000,-1.000) DesiredWorldMoveDir=(-0.058,0.998,0.000) RootMotionDelta=(0.000,-20.847,0.000) RequestDirectMoveDir=(-0.058,0.998,0.000) Speed=1038.527
LogZZZAnim: [TurnBack][Snapshot] Phase=2 SecondSegment=1 SubState=2 State=2 Gait=2 ShouldMove=1 InputForwardDot=1.000 ActorDesiredDot=1.000 Velocity=1039.05
LogZZZAnim: [MoveDiag][Intent] Frame=48161 MoveInput=(-1.000,-0.000) ControlRotationYaw=183.33 Forward=(-0.998,-0.058,0.000) Right=(0.058,-0.998,-0.000) DesiredWorldMoveDir=(-0.058,0.998,0.000)
LogZZZAnim: [TurnBack][RotationDiag] Frame=48161 Phase=2 D1=1 Actor=(P0.00 Y93.32 R-0.00) Control=(P358.08 Y183.33 R0.00) VelocityYaw=93.32 AccelYaw=0.00 Desired=(-0.06,1.00,0.00) CurveDir=(0.00,-1.00,0.00) Requested=(-60.27,1037.44,0.00) Flags[Orient=1 ControllerDesired=0 PawnYaw=0] MeshRel=(P-0.00 Y-90.00 R0.00) MeshComp=(P0.00 Y3.32 R-0.00) BoneIndex[Root=176 Bone_Root=1 Bip001=2] BoneCSYaw[Root=180.00 Bone_Root=0.00 Bip001=101.87]
LogZZZAnim: [MoveDiag][RequestDirectMove] Frame=48161 Path=RootMotion TurnBackPhase=2 SecondSegment=1 CurveDirectionSource=RM_VelocityDir CurveDirectionLocal=(0.000,-1.000) DesiredWorldMoveDir=(-0.058,0.998,0.000) RootMotionDelta=(0.000,-11.182,0.000) RequestDirectMoveDir=(-0.058,0.998,0.000) Speed=1039.192
LogZZZAnim: [TurnBack][Snapshot] Phase=2 SecondSegment=1 SubState=2 State=2 Gait=2 ShouldMove=1 InputForwardDot=1.000 ActorDesiredDot=1.000 Velocity=1038.53
LogZZZAnim: [MoveDiag][Intent] Frame=48162 MoveInput=(-1.000,-0.000) ControlRotationYaw=183.33 Forward=(-0.998,-0.058,0.000) Right=(0.058,-0.998,-0.000) DesiredWorldMoveDir=(-0.058,0.998,0.000)
LogZZZAnim: [TurnBack][RotationDiag] Frame=48162 Phase=2 D1=1 Actor=(P0.00 Y93.32 R-0.00) Control=(P358.08 Y183.33 R0.00) VelocityYaw=93.32 AccelYaw=0.00 Desired=(-0.06,1.00,0.00) CurveDir=(0.00,1.00,0.00) Requested=(-60.27,1037.44,0.00) Flags[Orient=1 ControllerDesired=0 PawnYaw=0] MeshRel=(P-0.00 Y-90.00 R0.00) MeshComp=(P0.00 Y3.32 R-0.00) BoneIndex[Root=176 Bone_Root=1 Bip001=2] BoneCSYaw[Root=180.00 Bone_Root=0.00 Bip001=101.87]
LogZZZAnim: [TurnBack][AnimationComplete] RootDelta=(0.000,0.000) DesiredYaw=93.32 AnimationTime=2.417/2.400
LogZZZAnim: [MoveDiag][RequestDirectMove] Frame=48162 Path=Locomotion TurnBackPhase=2 SecondSegment=1 CurveDirectionSource=RM_VelocityDir CurveDirectionLocal=(0.000,1.000) DesiredWorldMoveDir=(-0.058,0.998,0.000) RootMotionDelta=(0.000,0.000,0.000) RequestDirectMoveDir=(-0.058,0.998,0.000) Speed=1039.192
LogZZZAnim: [TurnBack][Snapshot] Phase=2 SecondSegment=1 SubState=2 State=2 Gait=2 ShouldMove=1 InputForwardDot=1.000 ActorDesiredDot=1.000 Velocity=1039.19
LogZZZAnim: [MoveDiag][Intent] Frame=48163 MoveInput=(-1.000,-0.000) ControlRotationYaw=183.33 Forward=(-0.998,-0.058,0.000) Right=(0.058,-0.998,-0.000) DesiredWorldMoveDir=(-0.058,0.998,0.000)
LogZZZAnim: [TurnBack][Phase] Released->None Elapsed=2.400 NaturalComplete=1 SecondSegment=1 Interrupted=0 ShouldMove=1
LogTemp: [SM] Idle ACTIVATED (Active=1)
LogSlate: Updating window title bar state: overlay mode, drag disabled, window buttons hidden, title bar hidden
LogWorld: BeginTearingDown for /Game/Map/UEDPIE_0_Untitled
LogWorld: UWorld::CleanupWorld for Untitled, bSessionEnded=true, bCleanupResources=true
LogSlate: InvalidateAllWidgets triggered.  All widgets were invalidated
LogWorldPartition: UWorldPartition::Uninitialize : World = /Game/Map/UEDPIE_0_Untitled.Untitled
LogPlayLevel: Display: Shutting down PIE online subsystems
LogSlate: InvalidateAllWidgets triggered.  All widgets were invalidated
LogSlate: Updating window title bar state: overlay mode, drag disabled, window buttons hidden, title bar hidden
LogAudioMixer: Deinitializing Audio Bus Subsystem for audio device with ID 10
LogAudioMixer: Display: FAudioMixerWasapi::StopAudioStream() InstanceID=10, StreamState=4
LogAudioMixerWasapi: Display: FWasapiServiceWatcher stopped.
LogUObjectHash: Compacting FUObjectHashTables data took   1.68ms
LogPlayLevel: Display: Destroying online subsystem :Context_20